"","Season","Name","Tm","Division","IP","TBF","ERA","H","2B","3B","R","ER","HR","BB","IBB","HBP","SO","AVG","OBP","SLG","wOBA","playerId","K/9","BB/9","K/BB","HR/9","K%","BB%","K-BB%","WHIP","BABIP","LOB%","FIP","xFIP"
"1",2019,"Edwin Jackson","2 Tms","2 Tms",67.2,336,9.5764,105,25,3,81,72,23,32,0,3,52,0.351170568,0.416666666,0.685618729,0.448866378,1841,6.9163,4.2562,1.625,3.0591,0.1548,0.0952,0.0595,2.0246,0.3628,0.5473,7.64751137970801,5.90392939569431
"2",2019,"Zack Greinke","2 Tms","2 Tms",208.2,810,2.9329,175,37,2,73,68,21,30,2,4,187,0.228161668,0.259627329,0.363754889,0.262783619,1943,8.0655,1.2939,6.2333,0.9058,0.2309,0.037,0.1938,0.9824,0.2711,0.7572,3.21880180670801,3.74081863756767
"3",2019,"Jhoulys Chacin","2 Tms","2 Tms",103.1,470,6.0097,115,20,2,73,69,25,46,1,5,101,0.279805352,0.356223175,0.520681265,0.364887494,2608,8.7968,4.0064,2.1957,2.1774,0.2149,0.0979,0.117,1.5581,0.3072,0.7099,5.88497549370801,5.03060991615065
"4",2019,"Matt Magill","2 Tms","2 Tms",50.2,229,4.0855,51,15,1,31,23,7,20,3,2,64,0.251231527,0.321585903,0.438423645,0.316421085,3950,11.3684,3.5526,3.2,1.2434,0.2795,0.0873,0.1921,1.4013,0.3235,0.6646,3.78637864970801,3.95335835835776
"5",2019,"Derek Holland","2 Tms","2 Tms",84.1,376,6.083,82,14,1,61,57,20,45,2,4,82,0.257861635,0.35501355,0.496855345,0.356360711,4141,8.751,4.8024,1.8222,2.1344,0.2181,0.1197,0.0984,1.5059,0.2756,0.6796,6.09543012270801,5.25323188089454
"6",2019,"Mark Melancon","2 Tms","2 Tms",67.1,284,3.6089,71,9,1,28,27,4,18,2,2,68,0.269961977,0.320422535,0.357414448,0.291801855,4264,9.0891,2.4059,3.7778,0.5347,0.2394,0.0634,0.1761,1.3218,0.349,0.7377,2.85757365570801,3.06020436151424
"7",2019,"Mike Montgomery","2 Tms","2 Tms",91,402,4.9451,113,23,1,55,50,18,34,1,4,69,0.314763231,0.379396984,0.534818941,0.382425596,4869,6.8242,3.3626,2.0294,1.7802,0.1716,0.0846,0.0871,1.6154,0.343,0.7631,5.52170178270801,4.61158801448214
"8",2019,"Jake Diekman","2 Tms","2 Tms",62,282,4.6452,49,12,1,34,32,3,39,1,11,84,0.21491228,0.352313167,0.315789473,0.302812426,5003,12.1935,5.6613,2.1538,0.4355,0.2979,0.1383,0.1596,1.4194,0.3172,0.6857,3.55271915270801,4.14287759690516
"9",2019,"Blake Parker","2 Tms","2 Tms",61.1,255,4.5489,53,7,0,32,31,13,22,0,3,65,0.234513274,0.308300395,0.438053097,0.315304145,5224,9.538,3.2283,2.9545,1.9076,0.2549,0.0863,0.1686,1.2228,0.2632,0.7692,5.07270613770801,4.26323319132733
"10",2019,"Brad Brach","2 Tms","2 Tms",54.1,242,5.4663,57,8,3,33,33,4,31,2,1,60,0.27804878,0.369294605,0.404878048,0.331966503,6627,9.9386,5.135,1.9355,0.6626,0.2479,0.1281,0.1198,1.6196,0.363,0.6715,3.72934626570801,4.67606975284083
"11",2019,"Daniel Hudson","2 Tms","2 Tms",73,304,2.4658,56,17,0,25,20,8,27,2,4,71,0.209737827,0.287128712,0.36329588,0.276717034,7146,8.7534,3.3288,2.6296,0.9863,0.2336,0.0888,0.1447,1.137,0.2474,0.8179,3.96743413270801,5.07697039381282
"12",2019,"Javy Guerra","2 Tms","2 Tms",67.2,287,4.6552,67,13,2,36,35,10,17,3,1,57,0.250936329,0.297202797,0.426966292,0.300978926,7407,7.5813,2.2611,3.3529,1.33,0.1986,0.0592,0.1394,1.2414,0.2822,0.6901,4.24849172470801,5.20822784946375
"13",2019,"Anthony Swarzak","2 Tms","2 Tms",53.1,234,4.5562,52,4,1,30,27,12,27,3,0,52,0.251207729,0.337606837,0.45410628,0.331920312,7466,8.775,4.5562,1.9259,2.025,0.2222,0.1154,0.1068,1.4812,0.2797,0.7878,5.70775635770801,4.75953088899727
"14",2019,"Jordan Lyles","2 Tms","2 Tms",141,599,4.1489,131,28,5,72,65,25,55,2,1,146,0.243494423,0.31323283,0.453531598,0.320985902,7593,9.3191,3.5106,2.6545,1.5957,0.2437,0.0918,0.1519,1.3191,0.2849,0.7566,4.63954138970801,4.60593959623618
"15",2019,"Cory Gearrin","2 Tms","2 Tms",55.1,241,4.0663,55,7,2,25,25,5,25,1,4,47,0.260663507,0.348547717,0.383886255,0.31821002,7947,7.6446,4.0663,1.88,0.8133,0.195,0.1037,0.0913,1.4458,0.3125,0.7662,4.26220287770801,4.95687870385035
"16",2019,"Jason Vargas","2 Tms","2 Tms",149.2,649,4.51,141,34,1,84,75,21,63,2,6,124,0.249116607,0.32659409,0.424028268,0.318200018,8044,7.4566,3.7884,1.9683,1.2628,0.1911,0.0971,0.094,1.363,0.2759,0.6977,4.76412152470801,5.43875905782726
"17",2019,"Homer Bailey","2 Tms","2 Tms",163.1,696,4.5735,162,24,3,84,83,21,53,1,4,149,0.256329113,0.315561959,0.403481012,0.306529809,8362,8.2102,2.9204,2.8113,1.1571,0.2141,0.0761,0.1379,1.3163,0.3006,0.712,4.10788720870801,4.43378379386806
"18",2019,"Tanner Roark","2 Tms","2 Tms",165.1,722,4.3548,180,36,3,84,80,28,51,1,13,158,0.27480916,0.338418862,0.467175572,0.340034233,8753,8.6008,2.7762,3.098,1.5242,0.2188,0.0706,0.1482,1.3972,0.322,0.7813,4.66562267070801,4.64170894480187
"19",2019,"Andrew Cashner","2 Tms","2 Tms",150,636,4.68,144,27,5,84,78,19,58,0,4,108,0.252631578,0.324409448,0.417543859,0.316746605,8782,6.48,3.48,1.8621,1.14,0.1698,0.0912,0.0786,1.3467,0.2796,0.68,4.66067614170801,5.10930633803209
"20",2019,"Jared Hughes","2 Tms","2 Tms",71.1,289,4.0374,57,12,0,37,32,13,27,1,2,54,0.223529411,0.301754385,0.423529411,0.306435348,9325,6.8131,3.4065,2,1.6402,0.1869,0.0934,0.0934,1.1776,0.228,0.7227,5.28877679970801,4.17449027062281
"21",2019,"Sergio Romo","2 Tms","2 Tms",60.1,249,3.4309,50,11,1,27,23,7,17,3,2,60,0.221238938,0.277108433,0.371681415,0.270526818,9817,8.9503,2.5359,3.5294,1.0442,0.241,0.0683,0.1727,1.1105,0.2638,0.7095,3.67809735970801,4.67554897171596
"22",2019,"Mike Leake","2 Tms","2 Tms",197,835,4.2944,227,45,3,114,94,41,27,2,10,127,0.286254728,0.31692677,0.505674653,0.340931064,10130,5.802,1.2335,4.7037,1.8731,0.1521,0.0323,0.1198,1.2893,0.2952,0.726,5.19370490670801,4.76005680281196
"23",2019,"Shane Greene","2 Tms","2 Tms",62.2,252,2.2979,46,7,0,22,16,8,17,1,3,64,0.2,0.262948207,0.334782608,0.25677308,10756,9.1915,2.4415,3.7647,1.1489,0.254,0.0675,0.1865,1.0053,0.2375,0.8029,3.78847725470801,3.96997621966114
"24",2019,"Adam Kolarek","2 Tms","2 Tms",55,229,3.2727,48,8,1,22,20,7,16,4,3,45,0.228571428,0.292576419,0.376190476,0.280479263,10843,7.3636,2.6182,2.8125,1.1455,0.1965,0.0699,0.1266,1.1636,0.2595,0.7867,4.26855492970801,3.7351982455362
"25",2019,"Drew Pomeranz","2 Tms","2 Tms",104,455,4.8462,105,14,3,58,56,21,44,0,4,137,0.260545905,0.337748344,0.46650124,0.339656611,11426,11.8558,3.8077,3.1136,1.8173,0.3011,0.0967,0.2044,1.4327,0.3373,0.7686,4.58900947570801,3.87670743912458
"26",2019,"Aaron Sanchez","2 Tms","2 Tms",131.1,605,5.8934,145,29,2,92,86,20,68,2,11,115,0.27831094,0.370860927,0.456813819,0.352734958,11490,7.8807,4.6599,1.6912,1.3706,0.1901,0.1124,0.0777,1.6218,0.3197,0.6735,5.24700336670801,5.1454414599725
"27",2019,"Nick Kingham","2 Tms","2 Tms",55.2,259,7.2754,78,22,2,45,45,11,25,1,0,46,0.340611353,0.405511811,0.598253275,0.415493798,11694,7.4371,4.0419,1.84,1.7784,0.1776,0.0965,0.0811,1.8503,0.3785,0.6621,5.47748117370801,5.33854712519721
"28",2019,"Sam Dyson","2 Tms","2 Tms",62.1,249,3.3209,53,9,1,26,23,6,13,0,3,55,0.230434782,0.280487804,0.356521739,0.274078513,11710,7.9412,1.877,4.2308,0.8663,0.2209,0.0522,0.1687,1.0588,0.2733,0.7096,3.47069410470801,3.75115226028311
"29",2019,"Drew Smyly","2 Tms","2 Tms",114,514,6.2368,126,23,4,83,79,32,55,0,2,120,0.278145695,0.357421875,0.558498896,0.378580394,11760,9.4737,4.3421,2.1818,2.5263,0.2335,0.107,0.1265,1.5877,0.3082,0.7236,6.25786912470801,5.20867330387496
"30",2019,"Chris Martin","2 Tms","2 Tms",55.2,216,3.3952,52,7,0,23,21,9,5,0,0,65,0.248803827,0.263888888,0.411483253,0.281157017,11847,10.509,0.8084,13,1.4551,0.3009,0.0231,0.2778,1.024,0.3139,0.7658,3.24993759770801,2.72044795339651
"31",2019,"Aaron Brooks","2 Tms","2 Tms",110,482,5.6455,118,26,4,72,69,21,34,0,10,82,0.270642201,0.336798336,0.493119266,0.348036963,12272,6.7091,2.7818,2.4118,1.7182,0.1701,0.0705,0.0996,1.3818,0.2896,0.6787,5.40491856570801,5.34631482281468
"32",2019,"Roenis Elias","2 Tms","2 Tms",50,216,3.96,46,7,0,32,22,10,18,1,1,47,0.235897435,0.302325581,0.425641025,0.306471855,12673,8.46,3.24,2.6111,1.8,0.2176,0.0833,0.1343,1.28,0.2571,0.6471,5.07400947570801,4.78148829877377
"33",2019,"Trevor Bauer","2 Tms","2 Tms",213,911,4.4789,184,43,7,118,106,34,82,0,19,253,0.23,0.314569536,0.42875,0.315887966,12703,10.6901,3.4648,3.0854,1.4366,0.2777,0.09,0.1877,1.2488,0.2868,0.7035,4.33607520270801,4.33421466722735
"34",2019,"Matt Wisler","2 Tms","2 Tms",51.1,224,5.6104,56,13,1,34,32,10,16,0,0,63,0.27184466,0.322869955,0.490291262,0.339073081,12804,11.0455,2.8052,3.9375,1.7532,0.2813,0.0714,0.2098,1.4026,0.3407,0.6552,4.22699714570801,3.82582136988641
"35",2019,"Shawn Armstrong","2 Tms","2 Tms",58,271,5.7414,66,13,1,38,37,8,29,1,4,63,0.282051282,0.366666666,0.448717948,0.346951697,12857,9.7759,4.5,2.1724,1.2414,0.2325,0.107,0.1255,1.6379,0.3473,0.6948,4.54159568170801,5.42363117902443
"36",2019,"Joe Biagini","2 Tms","2 Tms",64.2,281,4.5928,71,15,1,35,33,14,26,3,1,60,0.280632411,0.35,0.513833992,0.358059785,13194,8.3505,3.6186,2.3077,1.9485,0.2135,0.0925,0.121,1.5,0.3167,0.8036,5.42534854170801,4.17972289512813
"37",2019,"Marcus Stroman","2 Tms","2 Tms",184.1,774,3.2224,183,32,2,77,66,18,58,1,1,159,0.257383966,0.313471502,0.383966244,0.299465717,13431,7.7631,2.8318,2.7414,0.8788,0.2054,0.0749,0.1305,1.3074,0.3067,0.7611,3.71853008870801,3.992253901945
"38",2019,"Mike Morin","2 Tms","2 Tms",50.2,210,4.6184,46,10,0,29,26,6,10,0,4,26,0.238341968,0.288461538,0.383419689,0.286884706,13442,4.6184,1.7763,2.6,1.0658,0.1238,0.0476,0.0762,1.1053,0.2439,0.6008,4.55611385570801,5.41153879573768
"39",2019,"Chris Stratton","2 Tms","2 Tms",76,344,5.5658,93,21,2,50,47,13,33,1,0,69,0.3,0.366279069,0.506451612,0.365828746,13761,8.1711,3.9079,2.0909,1.5395,0.2006,0.0959,0.1047,1.6579,0.3493,0.705,4.92453579070801,4.82092627094764
"40",2019,"Kevin Gausman","2 Tms","2 Tms",102.1,451,5.7166,113,22,1,71,65,15,32,3,5,114,0.281795511,0.337837837,0.453865336,0.331574062,14107,10.0261,2.8143,3.5625,1.3192,0.2528,0.071,0.1818,1.4169,0.3439,0.6124,3.97622470670801,4.05341365752595
"41",2019,"Zack Godley","2 Tms","2 Tms",92,407,5.9674,96,20,4,62,61,14,42,2,5,70,0.27118644,0.354838709,0.468926553,0.347252497,14862,6.8478,4.1087,1.6667,1.3696,0.172,0.1032,0.0688,1.5,0.2971,0.6564,5.20313990970801,5.43030295352573
"42",2019,"Ryne Stanek","2 Tms","2 Tms",77,327,3.974,61,13,1,39,34,11,39,3,0,89,0.214035087,0.305810397,0.38245614,0.292707516,15947,10.4026,4.5584,2.2821,1.2857,0.2722,0.1193,0.1529,1.2987,0.266,0.721,4.27894453970801,4.72101367692669
"43",2019,"Nick Anderson","2 Tms","2 Tms",65,264,3.3231,52,11,2,24,24,8,18,4,2,110,0.213991769,0.272727272,0.374485596,0.269300562,18337,15.2308,2.4923,6.1111,1.1077,0.4167,0.0682,0.3485,1.0769,0.3492,0.7895,2.35247101470801,2.43564522197613
"44",2019,"Zac Gallen","2 Tms","2 Tms",80,334,2.8125,62,16,1,26,25,8,36,1,4,96,0.211604095,0.305389221,0.354948805,0.28746192,19291,10.8,4.05,2.6667,0.9,0.2874,0.1078,0.1796,1.225,0.2842,0.837,3.61400947570801,4.15402491651475
"45",2019,"Trevor Richards","2 Tms","2 Tms",135.1,580,4.0567,127,25,3,63,61,19,56,6,5,127,0.249019607,0.326956521,0.421568627,0.315526601,19309,8.4458,3.7241,2.2679,1.2635,0.219,0.0966,0.1224,1.3522,0.2895,0.7745,4.51450240670801,5.08524559245369
"46",2019,"Wilmer Font","3 Tms","3 Tms",84.1,356,4.4822,78,26,1,42,42,17,29,2,3,95,0.242236024,0.308988764,0.487577639,0.329087126,5257,10.1383,3.0949,3.2759,1.8142,0.2669,0.0815,0.1854,1.2688,0.2877,0.7889,4.71993892370801,4.52888990658387
"47",2019,"T.J. McFarland","ARI","NL West",56,250,4.8214,71,13,2,35,30,6,20,5,1,35,0.315555555,0.370967741,0.471111111,0.35006617,3237,5.625,3.2143,1.75,0.9643,0.14,0.08,0.06,1.625,0.3457,0.6818,4.48186661770801,4.33226315192878
"48",2019,"Merrill Kelly","ARI","NL West",183.1,777,4.4182,184,38,4,95,90,29,57,4,2,158,0.259520451,0.314359637,0.447108603,0.318447345,11156,7.7564,2.7982,2.7719,1.4236,0.2033,0.0734,0.13,1.3145,0.2919,0.7312,4.51219152970801,4.58246983104354
"49",2019,"Robbie Ray","ARI","NL West",174.1,747,4.3365,150,33,5,91,84,30,84,5,5,235,0.233644859,0.325170068,0.440809968,0.32249141,11486,12.1319,4.3365,2.7976,1.5488,0.3146,0.1124,0.2021,1.3423,0.3053,0.7513,4.28666742370801,3.76112745198096
"50",2019,"Matt Andriese","ARI","NL West",70.2,310,4.7123,72,17,2,37,37,8,27,4,3,79,0.261818181,0.331168831,0.425454545,0.317186127,12022,10.0613,3.4387,2.9259,1.0189,0.2548,0.0871,0.1677,1.4009,0.3316,0.7159,3.72344319670801,3.8843951192047
"51",2019,"Archie Bradley","ARI","NL West",71.2,317,3.5163,67,15,2,30,28,5,36,2,5,87,0.246323529,0.342857142,0.371323529,0.310557091,12918,10.9256,4.5209,2.4167,0.6279,0.2744,0.1136,0.1609,1.4372,0.337,0.7723,3.40935822170801,4.05673740080267
"52",2019,"Andrew Chafin","ARI","NL West",52.2,225,3.7595,52,4,0,23,22,6,18,0,2,68,0.257425742,0.324324324,0.366336633,0.301312135,12988,11.6202,3.0759,3.7778,1.0253,0.3022,0.08,0.2222,1.3291,0.3511,0.7704,3.25198413470801,3.24399102754582
"53",2019,"Luke Weaver","ARI","NL West",64.1,260,2.9378,55,16,0,22,21,6,14,1,3,69,0.227272727,0.276923076,0.367768595,0.27387072,16918,9.6529,1.9586,4.9286,0.8394,0.2654,0.0538,0.2115,1.0725,0.2917,0.7862,3.07411303070801,3.87149762456654
"54",2019,"Yoan Lopez","ARI","NL West",60.2,246,3.4121,52,11,2,27,23,11,17,2,0,42,0.232142857,0.281632653,0.446428571,0.298270686,17181,6.2308,2.522,2.4706,1.6319,0.1707,0.0691,0.1016,1.1374,0.233,0.7836,5.02719529170801,4.47345367668529
"55",2019,"Taylor Clarke","ARI","NL West",84.2,369,5.315,86,17,4,55,50,23,30,0,6,68,0.262996941,0.331521739,0.550458715,0.361294935,17611,7.2283,3.189,2.2667,2.4449,0.1843,0.0813,0.103,1.3701,0.2603,0.7461,6.41479561670801,5.56167946334978
"56",2019,"Alex Young","ARI","NL West",83.1,349,3.564,72,16,0,40,33,14,27,4,4,71,0.228571428,0.297687861,0.412698412,0.297945846,18333,7.668,2.916,2.6296,1.512,0.2034,0.0774,0.1261,1.188,0.2489,0.7554,4.81001011370801,4.65500005169654
"57",2019,"Yoshihisa Hirano","ARI","NL West",53,233,4.7547,51,9,0,31,28,7,22,2,3,61,0.248780487,0.327586206,0.395121951,0.308376957,19756,10.3585,3.7358,2.7727,1.1887,0.2618,0.0944,0.1674,1.3774,0.3143,0.6798,4.04419815470801,4.24135853192716
"58",2019,"Julio Teheran","ATL","NL East",174.2,754,3.813,148,33,2,81,74,22,83,3,14,162,0.229457364,0.32797858,0.389147286,0.309549969,6797,8.3473,4.2767,1.9518,1.1336,0.2149,0.1101,0.1048,1.3225,0.2664,0.7656,4.66248248170801,5.25724011361915
"59",2019,"Josh Tomlin","ATL","NL East",79.1,320,3.7437,82,10,4,35,33,14,7,0,0,51,0.267100977,0.281645569,0.462540716,0.307681074,9388,5.7857,0.7941,7.2857,1.5882,0.1594,0.0219,0.1375,1.1218,0.2742,0.7781,4.48711925370801,4.95114441166625
"60",2019,"Dallas Keuchel","ATL","NL East",112.2,487,3.7544,115,14,4,50,47,16,39,1,9,91,0.264976958,0.338174273,0.426267281,0.327078253,9434,7.2692,3.1154,2.3333,1.2781,0.1869,0.0801,0.1068,1.3669,0.2982,0.8037,4.72288476870801,4.05966124407317
"61",2019,"Mike Foltynewicz","ATL","NL East",117,491,4.5385,109,19,4,65,59,23,37,2,2,105,0.244394618,0.304526748,0.459641255,0.318649363,10811,8.0769,2.8462,2.8378,1.7692,0.2138,0.0754,0.1385,1.2479,0.2654,0.7168,4.97469323570801,4.73137699661092
"62",2019,"Luke Jackson","ATL","NL East",72.2,315,3.8394,76,9,0,34,31,10,26,4,2,106,0.265734265,0.331210191,0.402097902,0.311413226,11752,13.1284,3.2202,4.0769,1.2385,0.3365,0.0825,0.254,1.4037,0.386,0.7778,3.24153239870801,2.52014322605275
"63",2019,"Max Fried","ATL","NL East",165.2,702,4.0201,174,33,0,80,74,21,47,3,5,173,0.270186335,0.323782234,0.419254658,0.315399417,13743,9.3984,2.5533,3.6809,1.1408,0.2464,0.067,0.1795,1.334,0.3355,0.7426,3.71501541070801,3.31588517989682
"64",2019,"Sean Newcomb","ATL","NL East",68.1,293,3.161,61,10,1,28,24,8,29,1,3,65,0.235521235,0.317406143,0.374517374,0.298704009,16943,8.561,3.8195,2.2414,1.0537,0.2218,0.099,0.1229,1.3171,0.2819,0.7946,4.23840021870801,4.6086206290836
"65",2019,"Mike Soroka","ATL","NL East",174.2,701,2.6794,153,21,2,56,52,14,41,1,7,142,0.236476043,0.288378766,0.340030911,0.271957916,18383,7.3168,2.1126,3.4634,0.7214,0.2026,0.0585,0.1441,1.1107,0.2797,0.7993,3.45446744470801,3.84744413226308
"66",2019,"Richard Bleier","BAL","AL East",55.1,235,5.3675,65,19,1,34,33,6,8,2,4,30,0.295454545,0.329059829,0.472727272,0.332828967,7803,4.8795,1.3012,3.75,0.9759,0.1277,0.034,0.0936,1.3193,0.3155,0.6268,4.18991367770801,4.18230577099812
"67",2019,"Mychal Givens","BAL","AL East",63,260,4.5714,49,4,3,35,32,13,26,1,2,86,0.213043478,0.296153846,0.426086956,0.303406304,10430,12.2857,3.7143,3.3077,1.8571,0.3308,0.1,0.2308,1.1905,0.2707,0.7143,4.49972376070801,3.61694178160221
"68",2019,"Asher Wojciechowski","BAL","AL East",82.1,361,4.919,80,17,4,46,45,17,28,0,9,80,0.247678018,0.325,0.482972136,0.339156653,10836,8.7449,3.0607,2.8571,1.8583,0.2216,0.0776,0.144,1.3117,0.2775,0.7618,5.30307914670801,5.61475776785956
"69",2019,"Dylan Bundy","BAL","AL East",161.2,700,4.7876,161,40,1,95,86,29,58,0,6,162,0.256369426,0.321888412,0.461783439,0.328940258,12917,9.0186,3.2289,2.7931,1.6144,0.2314,0.0829,0.1486,1.3546,0.2966,0.705,4.72947308070801,4.57538718123254
"70",2019,"Gabriel Ynoa","BAL","AL East",110.2,480,5.6114,126,24,2,77,69,29,26,1,3,67,0.28,0.322916666,0.535555555,0.354200228,12938,5.4488,2.1145,2.5769,2.3584,0.1396,0.0542,0.0854,1.3735,0.2732,0.6818,6.19593628770801,5.39564905548422
"71",2019,"Miguel Castro","BAL","AL East",73.1,319,4.6636,63,12,0,42,38,10,41,3,0,71,0.231617647,0.326018808,0.386029411,0.303419834,15684,8.7136,5.0318,1.7317,1.2273,0.2226,0.1285,0.094,1.4182,0.269,0.6889,4.72764652670801,4.85370674470759
"72",2019,"Paul Fry","BAL","AL East",57.1,255,5.3372,54,11,1,39,34,7,29,1,6,55,0.246575342,0.3503937,0.401826484,0.32636004,15832,8.6337,4.5523,1.8966,1.0988,0.2157,0.1137,0.102,1.4477,0.2975,0.6313,4.71401034770801,4.41053257192382
"73",2019,"David Hess","BAL","AL East",80,365,7.0875,94,17,2,73,63,28,30,0,2,68,0.287461773,0.348066298,0.608562691,0.389688805,16130,7.65,3.375,2.2667,3.15,0.1863,0.0822,0.1041,1.55,0.2785,0.6106,7.26400947570801,5.67295322511345
"74",2019,"John Means","BAL","AL East",155,637,3.6,138,33,3,68,62,23,38,0,5,121,0.233898305,0.284591194,0.416949152,0.295397651,16269,7.0258,2.2065,3.1842,1.3355,0.19,0.0597,0.1303,1.1355,0.2556,0.7594,4.41400947570801,5.47520283374094
"75",2019,"Rick Porcello","BOS","AL East",174.1,768,5.5239,198,43,5,114,107,31,45,2,6,143,0.278089887,0.32591623,0.483146067,0.338017026,2717,7.3824,2.3231,3.1778,1.6004,0.1862,0.0586,0.1276,1.3939,0.3076,0.6566,4.76276694170801,5.14394820881846
"76",2019,"David Price","BOS","AL East",107.1,458,4.2764,109,28,2,57,51,15,32,0,3,128,0.258293838,0.31441048,0.440758293,0.319039113,3184,10.7329,2.6832,4,1.2578,0.2795,0.0699,0.2096,1.3137,0.3357,0.7073,3.62394749070801,3.73460664101586
"77",2019,"Ryan Brasier","BOS","AL East",55.2,239,4.8503,51,10,0,33,30,9,21,1,3,61,0.238317757,0.311203319,0.411214953,0.305890012,5615,9.8623,3.3952,2.9048,1.4551,0.2552,0.0879,0.1674,1.2934,0.2897,0.6731,4.41760156870801,4.88866997292867
"78",2019,"Marcus Walden","BOS","AL East",78,327,3.8077,61,17,1,38,33,6,32,1,5,76,0.212543554,0.300613496,0.341463414,0.280062904,8004,8.7692,3.6923,2.375,0.6923,0.2324,0.0979,0.1346,1.1923,0.2644,0.6696,3.68836844970801,4.1675215417758
"79",2019,"Nathan Eovaldi","BOS","AL East",67.2,302,5.9852,72,13,0,46,45,16,35,0,3,70,0.275862068,0.365448504,0.509578544,0.367310697,9132,9.3103,4.6552,2,2.1281,0.2318,0.1159,0.1159,1.5813,0.3146,0.7306,5.90366332270801,4.88757138631879
"80",2019,"Chris Sale","BOS","AL East",147.1,612,4.3982,123,30,2,80,72,24,37,0,13,218,0.221223021,0.283606557,0.411870503,0.293871418,10603,13.3167,2.2602,5.8919,1.4661,0.3562,0.0605,0.2958,1.086,0.3094,0.6671,3.39048010370801,2.9335048204824
"81",2019,"Brandon Workman","BOS","AL East",71.2,286,1.8837,29,7,0,18,15,1,45,4,2,104,0.123404255,0.266666666,0.165957446,0.208037965,11428,13.0605,5.6512,2.3111,0.1256,0.3636,0.1573,0.2063,1.0326,0.209,0.7775,2.46052145470801,3.33386742248417
"82",2019,"Matt Barnes","BOS","AL East",64.1,285,3.7772,51,9,0,29,27,8,38,2,2,110,0.209876543,0.320422535,0.345679012,0.291922609,12863,15.3886,5.3161,2.8947,1.1192,0.386,0.1333,0.2526,1.3834,0.3386,0.7769,3.27618567370801,2.9273374281072
"83",2019,"Colten Brewer","BOS","AL East",54.2,253,4.1159,59,12,1,26,25,6,34,1,2,52,0.276995305,0.376984126,0.427230046,0.345692769,12997,8.561,5.5976,1.5294,0.9878,0.2055,0.1344,0.0711,1.7012,0.3333,0.7968,4.71400856070801,4.85185944514076
"84",2019,"Eduardo Rodriguez","BOS","AL East",203.1,859,3.8066,195,30,2,88,86,24,75,2,7,213,0.253246753,0.323220536,0.39090909,0.306911004,13164,9.4279,3.3197,2.84,1.0623,0.248,0.0873,0.1607,1.3279,0.3167,0.7765,3.86318990970801,4.09948305349156
"85",2019,"Hector Velazquez","BOS","AL East",56.1,247,5.432,58,14,2,40,34,7,28,0,3,49,0.273584905,0.361788617,0.457547169,0.34792863,19341,7.8284,4.4734,1.75,1.1183,0.1984,0.1134,0.085,1.5266,0.3188,0.6187,4.74063759770801,5.45580230887975
"86",2019,"Tyler Chatwood","CHC","NL Central",76.2,324,3.7565,65,10,0,33,32,8,37,0,5,74,0.232142857,0.331269349,0.353571428,0.302451172,4338,8.687,4.3435,2,0.9391,0.2284,0.1142,0.1142,1.3304,0.285,0.7724,4.28357422770801,3.96489917460113
"87",2019,"Jon Lester","CHC","NL Central",171.2,764,4.4563,205,35,5,101,85,26,52,0,5,165,0.293696275,0.34519104,0.46991404,0.343904674,4930,8.6505,2.7262,3.1731,1.3631,0.216,0.0681,0.1479,1.4971,0.3469,0.7137,4.25672771970801,4.35038972294103
"88",2019,"Cole Hamels","CHC","NL Central",141.2,617,3.8118,141,28,0,64,60,17,56,1,7,143,0.260147601,0.333878887,0.405904059,0.317249524,4972,9.0847,3.5576,2.5536,1.08,0.2318,0.0908,0.141,1.3906,0.3147,0.7769,4.08930338670801,4.38277515188899
"89",2019,"Steve Cishek","CHC","NL Central",64,267,2.9531,48,6,0,22,21,7,29,1,7,57,0.209606986,0.314606741,0.327510917,0.284496118,6483,8.0156,4.0781,1.9655,0.9844,0.2135,0.1086,0.1049,1.2031,0.2455,0.8356,4.54213447570801,4.95405864813365
"90",2019,"Brandon Kintzler","CHC","NL Central",57,227,2.6842,46,9,3,18,17,5,13,3,4,48,0.220095693,0.277533039,0.363636363,0.26889846,9939,7.5789,2.0526,3.6923,0.7895,0.2115,0.0573,0.1542,1.0351,0.2611,0.8036,3.56488666770801,4.06475818538875
"91",2019,"Jose Quintana","CHC","NL Central",171,745,4.6842,191,43,2,100,89,20,46,0,2,152,0.281710914,0.323410013,0.439528023,0.32060669,11423,8,2.4211,3.3043,1.0526,0.204,0.0617,0.1423,1.386,0.3257,0.6588,3.79880479670801,4.19774614542897
"92",2019,"Kyle Ryan","CHC","NL Central",61,260,3.541,55,5,1,26,24,5,29,2,1,58,0.243362831,0.328185328,0.340707964,0.291556908,11753,8.5574,4.2787,2,0.7377,0.2231,0.1115,0.1115,1.377,0.2994,0.7564,3.85335373770801,4.15739713213483
"93",2019,"Kyle Hendricks","CHC","NL Central",177,730,3.4576,168,39,2,78,68,19,32,1,9,150,0.248888888,0.289875173,0.397037037,0.290485042,12049,7.6271,1.6271,4.6875,0.9661,0.2055,0.0438,0.1616,1.1299,0.2865,0.7182,3.60948970070801,4.2594076142136
"94",2019,"Yu Darvish","CHC","NL Central",178.2,731,3.9795,140,23,4,82,79,33,56,1,11,229,0.213089802,0.284340659,0.410958904,0.293742231,13074,11.5354,2.8209,4.0893,1.6623,0.3133,0.0766,0.2367,1.097,0.2662,0.7774,4.17669586270801,3.38995078364743
"95",2019,"Ivan Nova","CHW","AL Central",187,806,4.7166,225,44,0,107,98,30,47,1,9,114,0.302826379,0.349937733,0.483176312,0.350694644,1994,5.4866,2.262,2.4255,1.4439,0.1414,0.0583,0.0831,1.4545,0.3218,0.728,4.97871535770801,4.91427213651611
"96",2019,"Ross Detwiler","CHW","AL Central",69.2,315,6.5885,86,13,1,54,51,20,27,3,3,46,0.304964539,0.370607028,0.570921985,0.387357679,2859,5.9426,3.488,1.7037,2.5837,0.146,0.0857,0.0603,1.622,0.3014,0.7045,6.91735698570801,5.49810900156774
"97",2019,"Manny Banuelos","CHW","AL Central",50.2,235,6.9276,60,9,0,39,39,12,33,3,1,44,0.303030303,0.401709401,0.53030303,0.387737457,5365,7.8158,5.8618,1.3333,2.1316,0.1872,0.1404,0.0468,1.8355,0.331,0.7124,6.56927042570801,6.04226516094033
"98",2019,"Kelvin Herrera","CHW","AL Central",51.1,235,6.1364,60,10,1,36,35,8,23,6,1,53,0.288461538,0.358974358,0.461538461,0.339123866,6033,9.2922,4.0325,2.3043,1.4026,0.2255,0.0979,0.1277,1.6169,0.3467,0.6593,4.57764672470801,4.83796794000392
"99",2019,"Alex Colome","CHW","AL Central",61,249,2.8033,42,10,2,28,19,7,23,2,1,55,0.19090909,0.267206477,0.35,0.261297691,6661,8.1148,3.3934,2.3913,1.0328,0.2209,0.0924,0.1285,1.0656,0.2147,0.6762,4.08286193470801,4.61287447048015
"100",2019,"Josh Osich","CHW","AL Central",67.2,272,4.6552,62,13,0,38,35,15,15,1,0,61,0.2421875,0.283088235,0.46875,0.310481825,11528,8.1133,1.9951,4.0667,1.9951,0.2243,0.0551,0.1691,1.1379,0.2597,0.6964,4.95785098070801,4.16327429309499
"101",2019,"Evan Marshall","CHW","AL Central",50.2,209,2.4868,42,8,0,16,14,5,24,2,0,41,0.228260869,0.315789473,0.353260869,0.289063984,12297,7.2829,4.2632,1.7083,0.8882,0.1962,0.1148,0.0813,1.3026,0.2662,0.8475,4.29953507670801,4.66558708076293
"102",2019,"Dylan Covey","CHW","AL Central",58.2,280,7.9773,75,13,0,54,52,12,28,2,3,41,0.306122448,0.38267148,0.506122448,0.373370804,14825,6.2898,4.2955,1.4643,1.8409,0.1464,0.1,0.0464,1.7557,0.3214,0.583,6.06059876670801,5.60545781568555
"103",2019,"Lucas Giolito","CHW","AL Central",176.2,705,3.4132,131,28,4,69,67,24,57,1,4,228,0.2046875,0.272727272,0.3734375,0.275228785,15474,11.6151,2.9038,4,1.2226,0.3234,0.0809,0.2426,1.0642,0.273,0.7765,3.43476415070801,3.66168547297135
"104",2019,"Jace Fry","CHW","AL Central",55,251,4.7455,44,10,0,33,29,7,43,3,3,68,0.217821782,0.361445783,0.371287128,0.321107516,16159,11.1273,7.0364,1.5814,1.1455,0.2709,0.1713,0.0996,1.5818,0.2846,0.7107,4.90491856570801,4.40772926157171
"105",2019,"Aaron Bummer","CHW","AL Central",67.2,262,2.1281,43,4,0,17,16,4,24,2,3,60,0.183760683,0.268199233,0.252136752,0.233225359,16258,7.9803,3.1921,2.5,0.532,0.229,0.0916,0.1374,0.9901,0.2281,0.823,3.40612760670801,3.49017146641605
"106",2019,"Reynaldo Lopez","CHW","AL Central",184,809,5.3804,203,44,3,119,110,35,65,0,8,169,0.278463648,0.342007434,0.491083676,0.349256461,16400,8.2663,3.1793,2.6,1.712,0.2089,0.0803,0.1286,1.4565,0.3158,0.6916,5.04009643170801,5.26999572836187
"107",2019,"Dylan Cease","CHW","AL Central",73,326,5.7945,78,13,2,51,47,15,35,1,2,81,0.270833333,0.352760736,0.486111111,0.352669381,18525,9.9863,4.3151,2.3143,1.8493,0.2485,0.1074,0.1411,1.5479,0.3264,0.6809,5.18661221470801,4.42283703374536
"108",2019,"Sonny Gray","CIN","NL Central",175.1,708,2.8745,122,21,4,59,56,17,68,1,7,205,0.196141479,0.28062678,0.324758842,0.264609743,12768,10.5228,3.4905,3.0147,0.8726,0.2895,0.096,0.1935,1.0837,0.2555,0.7968,3.41933270770801,3.6451082489352
"109",2019,"Anthony DeSclafani","CIN","NL Central",166.2,696,3.888,151,28,1,77,72,29,49,5,4,167,0.237795275,0.295224312,0.422047244,0.300241782,13050,9.018,2.646,3.4082,1.566,0.2399,0.0704,0.1695,1.2,0.2729,0.7772,4.42600923270801,4.30041637564441
"110",2019,"Robert Stephenson","CIN","NL Central",64.2,262,3.7577,43,15,2,30,27,9,24,4,0,81,0.182203389,0.25670498,0.377118644,0.262074517,13594,11.2732,3.3402,3.375,1.2526,0.3092,0.0916,0.2176,1.0361,0.2297,0.6801,3.63153503270801,4.00628150472263
"111",2019,"Amir Garrett","CIN","NL Central",56,246,3.2143,44,9,0,22,20,7,35,1,4,78,0.212560386,0.337398373,0.357487922,0.307031934,14375,12.5357,5.625,2.2286,1.125,0.3171,0.1423,0.1748,1.4107,0.3033,0.8333,4.14258090370801,3.79635611410652
"112",2019,"Michael Lorenzen","CIN","NL Central",83.1,343,2.916,68,12,1,29,27,9,28,1,2,85,0.221498371,0.289085545,0.355048859,0.277110526,14843,9.18,3.024,3.0357,0.972,0.2478,0.0816,0.1662,1.152,0.2694,0.808,3.65800965270801,3.97268366118528
"113",2019,"Luis Castillo","CIN","NL Central",190.2,781,3.3986,139,29,1,76,72,22,79,0,7,226,0.202034883,0.29032258,0.343023255,0.277040291,15689,10.6678,3.729,2.8608,1.0385,0.2894,0.1012,0.1882,1.1434,0.2617,0.7673,3.69652687370801,3.47977336358276
"114",2019,"Tyler Mahle","CIN","NL Central",129.2,556,5.1362,136,21,1,82,74,25,34,0,6,129,0.265625,0.31768953,0.45703125,0.326260083,16358,8.9537,2.3599,3.7941,1.7352,0.232,0.0612,0.1709,1.3111,0.3066,0.6667,4.65616848770801,3.99065225164345
"115",2019,"Raisel Iglesias","CIN","NL Central",67,279,4.1642,61,13,1,31,31,12,21,4,2,89,0.24015748,0.302158273,0.440944881,0.307408511,17130,11.9552,2.8209,4.2381,1.6119,0.319,0.0753,0.2437,1.2239,0.3161,0.7887,3.91550201270801,3.72479788616522
"116",2019,"Tyler Clippard","CLE","AL Central",62,241,2.9032,38,11,2,20,20,8,15,0,7,64,0.175925925,0.251046025,0.356481481,0.259958161,5640,9.2903,2.1774,4.2667,1.1613,0.2656,0.0622,0.2033,0.8548,0.2041,0.8197,3.89142882970801,4.94114657193422
"117",2019,"Carlos Carrasco","CLE","AL Central",80,341,5.2875,92,23,2,48,47,18,16,1,2,96,0.288401253,0.324483775,0.542319749,0.356085055,6632,10.8,1.8,6,2.025,0.2815,0.0469,0.2346,1.35,0.3541,0.7311,4.41400947570801,3.50308043118566
"118",2019,"Brad Hand","CLE","AL Central",57.1,242,3.2965,53,13,0,21,21,6,18,5,4,84,0.242009132,0.311203319,0.383561643,0.291827753,9111,13.1861,2.8256,4.6667,0.9419,0.3471,0.0744,0.2727,1.2384,0.3615,0.8108,2.79540458170801,3.41258055519122
"119",2019,"Mike Clevinger","CLE","AL Central",126,499,2.7143,96,24,1,38,38,10,37,0,2,169,0.209150326,0.270541082,0.331154684,0.260821662,12808,12.0714,2.6429,4.5676,0.7143,0.3387,0.0741,0.2645,1.0556,0.306,0.8017,2.49178725370801,3.08613809349518
"120",2019,"Adam Cimber","CLE","AL Central",56.2,244,4.4471,56,10,1,29,28,6,19,2,4,41,0.256880733,0.32510288,0.394495412,0.306471419,15288,6.5118,3.0176,2.1579,0.9529,0.168,0.0779,0.0902,1.3235,0.2874,0.7082,4.36106762370801,4.45894957354388
"121",2019,"Nick Wittgren","CLE","AL Central",57.2,231,2.8092,47,11,0,22,18,10,15,1,0,60,0.217592592,0.268398268,0.407407407,0.282837801,15594,9.3642,2.341,4,1.5607,0.2597,0.0649,0.1948,1.0751,0.2534,0.8333,4.16776614970801,3.98312497767352
"122",2019,"Adam Plutko","CLE","AL Central",109.1,462,4.8567,115,27,1,61,59,22,26,2,4,78,0.26744186,0.313852813,0.488372093,0.332646552,15846,6.4207,2.1402,3,1.811,0.1688,0.0563,0.1126,1.2896,0.2801,0.7356,5.22620521070801,5.53957860235535
"123",2019,"Shane Bieber","CLE","AL Central",214.1,859,3.2753,186,37,1,86,78,31,40,1,6,259,0.229629629,0.270711785,0.392592592,0.279967883,19427,10.8756,1.6796,6.475,1.3017,0.3015,0.0466,0.2549,1.0544,0.2964,0.7741,3.32131897870801,3.23228351533216
"124",2019,"Aaron Civale","CLE","AL Central",57.2,227,2.341,44,15,2,18,15,4,16,0,1,46,0.215686274,0.269911504,0.367647058,0.269164464,19479,7.1792,2.4971,2.875,0.6243,0.2026,0.0705,0.1322,1.0405,0.25,0.7762,3.40476080970801,4.60721489233749
"125",2019,"Zach Plesac","CLE","AL Central",115.2,475,3.8127,102,25,2,52,49,19,40,0,3,88,0.237209302,0.306553911,0.437209302,0.314574119,19979,6.8473,3.1124,2.2,1.4784,0.1853,0.0842,0.1011,1.2277,0.2554,0.7855,4.94311560470801,5.06057353032247
"126",2019,"Bryan Shaw","COL","NL West",72,311,5.375,69,15,4,44,43,12,29,1,5,58,0.25090909,0.332258064,0.465454545,0.335307693,8110,7.25,3.625,2,1.5,0.1865,0.0932,0.0932,1.3611,0.2754,0.6845,5.18623169770801,4.87063161585894
"127",2019,"Chad Bettis","COL","NL West",63.2,287,6.0785,78,17,2,47,43,10,21,3,5,42,0.301158301,0.36491228,0.498069498,0.360883115,10587,5.9372,2.9686,2,1.4136,0.1463,0.0732,0.0732,1.555,0.3254,0.6333,5.16165243470801,4.4945071111429
"128",2019,"Jairo Diaz","COL","NL West",57.2,245,4.526,56,13,3,34,29,7,19,0,2,63,0.251121076,0.314285714,0.430493273,0.315231304,12774,9.8324,2.9653,3.3158,1.0925,0.2571,0.0776,0.1796,1.3006,0.3182,0.6399,3.69955832770801,3.84626854545991
"129",2019,"Scott Oberg","COL","NL West",56,223,2.25,39,2,1,18,14,5,23,2,0,58,0.195979899,0.278026905,0.291457286,0.249385473,13911,9.3214,3.6964,2.5217,0.8036,0.2601,0.1031,0.157,1.1071,0.2482,0.8,3.53543804670801,3.90214970649353
"130",2019,"Carlos Estevez","COL","NL West",72,308,3.75,70,20,0,34,30,12,23,1,1,81,0.25,0.306188925,0.45,0.31555123,14542,10.125,2.875,3.5217,1.5,0.263,0.0747,0.1883,1.2917,0.3037,0.7772,4.13067614170801,4.31237753079169
"131",2019,"Chi Chi Gonzalez","COL","NL West",63,278,5.2857,59,13,1,39,37,11,33,0,1,46,0.245833333,0.338181818,0.445833333,0.333623054,14663,6.5714,4.7143,1.3939,1.5714,0.1655,0.1187,0.0468,1.4603,0.2567,0.6959,5.64258090370801,5.33037081985247
"132",2019,"Jon Gray","COL","NL West",150,637,3.84,147,34,5,70,64,19,56,4,4,150,0.259259259,0.328571428,0.43738977,0.322732464,14916,9,3.36,2.6786,1.14,0.2355,0.0879,0.1476,1.3533,0.3137,0.7594,4.06067614170801,3.8860218283534
"133",2019,"German Marquez","COL","NL West",174,721,4.7586,174,27,4,96,92,29,35,0,5,175,0.259314456,0.299300699,0.441132637,0.31063579,15038,9.0517,1.8103,5,1.5,0.2427,0.0485,0.1942,1.2011,0.304,0.6805,4.05883706170801,3.53840974583023
"134",2019,"Antonio Senzatela","COL","NL West",124.2,582,6.7139,161,38,2,99,93,19,57,5,4,76,0.313229571,0.384083044,0.505836575,0.372801168,15488,5.4866,4.115,1.3333,1.3717,0.1306,0.0979,0.0326,1.7487,0.3333,0.6295,5.44395540270801,5.12211654618583
"135",2019,"Kyle Freeland","COL","NL West",104.1,473,6.7284,126,21,7,85,78,25,39,3,2,79,0.295774647,0.354564755,0.55399061,0.372889176,16256,6.8147,3.3642,2.0256,2.1566,0.167,0.0825,0.0846,1.5815,0.3079,0.6212,5.99356307870801,5.07112198364768
"136",2019,"Jeff Hoffman","COL","NL West",70,315,6.5571,77,18,1,51,51,21,34,3,4,68,0.283088235,0.368589743,0.588235294,0.390326528,17432,8.7429,4.3714,2,2.7,0.2159,0.1079,0.1079,1.5857,0.2979,0.7477,6.79972376070801,5.42885695419141
"137",2019,"Peter Lambert","COL","NL West",89.1,420,7.2537,119,29,5,74,72,18,36,3,6,57,0.320754716,0.38701923,0.571428571,0.395154995,17969,5.7425,3.6269,1.5833,1.8134,0.1357,0.0857,0.05,1.7351,0.3333,0.6406,5.96774184570801,5.2855876187961
"138",2019,"Jordan Zimmermann","DET","AL Central",112,504,6.9107,145,29,7,89,86,19,25,2,6,82,0.311158798,0.351297405,0.525751072,0.363315886,4505,6.5893,2.0089,3.28,1.5268,0.1627,0.0496,0.1131,1.5179,0.3387,0.5823,4.78543804670801,4.87121982188629
"139",2019,"Nick Ramirez","DET","AL Central",79.2,348,4.0669,76,16,3,45,36,11,35,4,1,74,0.246753246,0.32276657,0.425324675,0.313437582,12575,8.3598,3.954,2.1143,1.2427,0.2126,0.1006,0.1121,1.3933,0.2863,0.6936,4.50689596370801,4.68447661786785
"140",2019,"Drew VerHagen","DET","AL Central",58,258,5.8966,70,15,2,40,38,9,23,1,4,51,0.304347826,0.375968992,0.504347826,0.370000377,13424,7.9138,3.569,2.2174,1.3966,0.1977,0.0891,0.1085,1.6034,0.3567,0.6754,4.86918188870801,4.66966312645838
"141",2019,"Daniel Norris","DET","AL Central",144.1,610,4.4896,154,28,4,75,72,25,38,0,4,125,0.275,0.323966942,0.473214285,0.334101527,13475,7.7945,2.3695,3.2895,1.5589,0.2049,0.0623,0.1426,1.3303,0.3086,0.7516,4.60661949670801,4.54622965795677
"142",2019,"Buck Farmer","DET","AL Central",67.2,288,3.7241,62,14,3,32,28,8,24,2,5,73,0.247011952,0.320422535,0.422310756,0.312393127,14814,9.7094,3.1921,3.0417,1.064,0.2535,0.0833,0.1701,1.2709,0.3034,0.7393,3.87903377770801,4.10591572970287
"143",2019,"Matthew Boyd","DET","AL Central",185.1,788,4.5647,178,36,2,101,94,39,50,1,8,238,0.246879334,0.301404853,0.464632454,0.319576456,15440,11.5576,2.4281,4.76,1.8939,0.302,0.0635,0.2386,1.2302,0.3068,0.7442,4.32012478170801,3.88140199900519
"144",2019,"Joe Jimenez","DET","AL Central",59.2,257,4.3743,56,12,1,33,29,13,23,1,4,82,0.24347826,0.322957198,0.473913043,0.333963593,15761,12.3687,3.4693,3.5652,1.9609,0.3191,0.0895,0.2296,1.324,0.3185,0.7716,4.65534945170801,4.18999134865691
"145",2019,"Spencer Turnbull","DET","AL Central",148.1,656,4.6112,154,34,4,86,76,14,59,1,16,146,0.267361111,0.34961832,0.413194444,0.328564513,16207,8.8584,3.5798,2.4746,0.8494,0.2226,0.0899,0.1326,1.436,0.3325,0.6829,3.98929054870801,4.62636676561864
"146",2019,"Tyler Alexander","DET","AL Central",53.2,235,4.8634,68,13,3,30,29,9,7,0,2,47,0.302222222,0.327659574,0.506666666,0.346907487,17735,7.882,1.1739,6.7143,1.5093,0.2,0.0298,0.1702,1.3975,0.3471,0.7298,4.14568591470801,4.48604595219753
"147",2019,"Gregory Soto","DET","AL Central",57.2,276,5.7746,74,14,2,39,37,9,33,1,0,45,0.308333333,0.387681159,0.495833333,0.371809404,19677,7.0231,5.1503,1.3636,1.4046,0.163,0.1196,0.0435,1.8555,0.3439,0.7203,5.39897931070801,5.6467408130121
"148",2019,"Hector Rondon","HOU","AL West",60.2,257,3.7088,56,14,1,25,25,10,20,0,4,48,0.242424242,0.3125,0.441558441,0.318743839,2391,7.1209,2.967,2.4,1.4835,0.1868,0.0778,0.1089,1.2527,0.2629,0.8333,4.96126126270801,4.85132887302319
"149",2019,"Will Harris","HOU","AL West",60,229,1.5,42,3,0,14,10,6,14,0,0,62,0.196261682,0.245614035,0.294392523,0.235300466,3192,9.3,2.1,4.4286,0.9,0.2707,0.0611,0.2096,0.9333,0.2449,0.8824,3.14734280970801,3.04086633821328
"150",2019,"Brad Peacock","HOU","AL West",91.2,383,4.1236,78,20,2,43,42,15,31,0,5,96,0.226744186,0.29765013,0.427325581,0.305832115,5401,9.4255,3.0436,3.0968,1.4727,0.2507,0.0809,0.1697,1.1891,0.2669,0.7634,4.42491812570801,4.64129152307035
"151",2019,"Ryan Pressly","HOU","AL West",54.1,211,2.319,37,6,0,15,14,6,12,0,0,72,0.187817258,0.233333333,0.30964467,0.23314774,7005,11.9264,1.9877,6,0.9939,0.3412,0.0569,0.2844,0.9018,0.2562,0.8374,2.66186189770801,2.21477988377705
"152",2019,"Collin McHugh","HOU","AL West",74.2,317,4.7009,62,19,2,41,39,12,30,0,3,82,0.221428571,0.300632911,0.432142857,0.308653086,7531,9.8839,3.6161,2.7333,1.4464,0.2587,0.0946,0.164,1.2321,0.2632,0.6905,4.43275893070801,4.34155952340655
"153",2019,"Justin Verlander","HOU","AL West",223,847,2.583,137,28,7,66,64,36,42,0,6,300,0.172110552,0.218676122,0.360552763,0.242665556,8700,12.1076,1.6951,7.1429,1.4529,0.3542,0.0496,0.3046,0.8027,0.2181,0.8841,3.26782113470801,3.17621271983123
"154",2019,"Wade Miley","HOU","AL West",167.1,720,3.9801,164,25,2,83,74,23,61,0,5,140,0.253869969,0.320781032,0.405572755,0.310911825,8779,7.5299,3.2809,2.2951,1.2371,0.1944,0.0847,0.1097,1.3446,0.2872,0.7432,4.51082248270801,4.51901026261019
"155",2019,"Chris Devenski","HOU","AL West",69,298,4.8261,69,13,3,39,37,13,21,0,3,72,0.255555555,0.313131313,0.47037037,0.32678774,12763,9.3913,2.7391,3.4286,1.6957,0.2416,0.0705,0.1711,1.3043,0.2963,0.7219,4.61980657670801,4.85163479486237
"156",2019,"Gerrit Cole","HOU","AL West",212.1,817,2.5008,142,30,1,66,59,29,48,0,3,326,0.186351706,0.236519607,0.342519685,0.246170901,13125,13.8179,2.0345,6.7917,1.2292,0.399,0.0588,0.3403,0.8948,0.2749,0.8333,2.63944109670801,2.47528131435017
"157",2019,"Roberto Osuna","HOU","AL West",65,252,2.6308,45,5,1,20,19,8,12,0,2,73,0.189873417,0.234126984,0.320675105,0.237335485,13764,10.1077,1.6615,6.0833,1.1077,0.2897,0.0476,0.2421,0.8769,0.2357,0.8159,3.21400947570801,3.60321535766125
"158",2019,"Josh James","HOU","AL West",61.1,266,4.6957,46,7,1,34,32,10,35,0,4,100,0.202643171,0.319548872,0.374449339,0.303862436,16794,14.6739,5.1359,2.8571,1.4674,0.3759,0.1316,0.2444,1.3207,0.3077,0.7183,3.98031423970801,3.77427848186357
"159",2019,"Framber Valdez","HOU","AL West",70.2,329,5.8585,74,13,1,51,46,9,44,0,4,68,0.267148014,0.370820668,0.418772563,0.341646146,17295,8.6604,5.6038,1.5455,1.1462,0.2067,0.1337,0.0729,1.6698,0.3186,0.649,4.98287656570801,4.31243639911554
"160",2019,"Danny Duffy","KCR","AL Central",130.2,555,4.3393,125,28,1,69,63,21,46,0,8,115,0.251004016,0.322522522,0.437751004,0.322619972,3542,7.9209,3.1684,2.5,1.4464,0.2072,0.0829,0.1243,1.3087,0.2849,0.7353,4.78288662570801,5.14458663878377
"161",2019,"Ian Kennedy","KCR","AL Central",63.1,266,3.4105,64,7,0,24,24,6,17,1,1,73,0.261224489,0.311787072,0.363265306,0.291099103,6986,10.3737,2.4158,4.2941,0.8526,0.2744,0.0639,0.2105,1.2789,0.3432,0.788,2.99295672870801,3.77152308142581
"162",2019,"Jakob Junis","KCR","AL Central",175.1,771,5.2357,192,37,2,108,102,31,58,1,11,164,0.275862068,0.338961038,0.468390804,0.340118385,13619,8.4183,2.9772,2.8276,1.5913,0.2127,0.0752,0.1375,1.4259,0.3176,0.7031,4.82237479970801,4.63411788662198
"163",2019,"Jorge Lopez","KCR","AL Central",123.2,548,6.3315,140,26,2,94,87,27,42,0,10,109,0.286298568,0.350364963,0.513292433,0.359781604,14527,7.9326,3.0566,2.5952,1.965,0.1989,0.0766,0.1223,1.4717,0.3139,0.6355,5.55093606870801,4.81982551620941
"164",2019,"Scott Barlow","KCR","AL Central",70.1,310,4.2228,64,16,4,33,33,6,37,3,3,92,0.239700374,0.337662337,0.397003745,0.314402917,14993,11.7725,4.7346,2.4865,0.7678,0.2968,0.1194,0.1774,1.436,0.3372,0.7427,3.41306170270801,4.11414037309242
"165",2019,"Glenn Sparkman","KCR","AL Central",136,606,6.0221,164,34,2,96,91,30,41,1,6,81,0.29602888,0.34876033,0.527075812,0.363840563,15200,5.3603,2.7132,1.9756,1.9853,0.1337,0.0677,0.066,1.5074,0.2991,0.6805,5.92724476970801,5.80938231252572
"166",2019,"Kevin McCarthy","KCR","AL Central",60.1,268,4.4751,68,19,0,31,30,4,21,6,2,38,0.284518828,0.342105263,0.414225941,0.314615934,15240,5.6685,3.1326,1.8095,0.5967,0.1418,0.0784,0.0634,1.4751,0.3153,0.7026,3.95986624070801,4.54867969606629
"167",2019,"Brad Keller","KCR","AL Central",165.1,709,4.1915,154,19,10,80,77,15,70,2,9,122,0.246794871,0.329096045,0.381410256,0.306756603,15734,6.6411,3.8105,1.7429,0.8165,0.1721,0.0987,0.0733,1.3548,0.2819,0.7217,4.35110647870801,4.94029973089027
"168",2019,"Trevor Cahill","LAA","AL West",102.1,455,5.9805,111,24,4,71,68,25,39,0,6,81,0.273399014,0.342857142,0.536945812,0.363689465,6249,7.1238,3.43,2.0769,2.1987,0.178,0.0857,0.0923,1.4658,0.2829,0.7025,6.12606254070801,5.10783927399273
"169",2019,"Luis Garcia","LAA","AL West",62,278,4.3548,61,5,0,35,30,13,33,1,5,57,0.257383966,0.357400722,0.443037974,0.341942534,6984,8.2742,4.7903,1.7273,1.8871,0.205,0.1187,0.0863,1.5161,0.2824,0.7921,5.93981592670801,5.10696346014738
"170",2019,"Tyler Skaggs","LAA","AL West",79.2,335,4.2929,73,13,1,41,38,9,28,0,2,78,0.241721854,0.308383233,0.380794701,0.296553179,10190,8.8117,3.1632,2.7857,1.0167,0.2328,0.0836,0.1493,1.2678,0.2936,0.6858,3.85417657170801,4.35811692178405
"171",2019,"Matt Harvey","LAA","AL West",59.2,266,7.0894,63,15,2,48,47,13,29,0,3,39,0.27510917,0.358490566,0.528384279,0.367529771,11713,5.8827,4.3743,1.3448,1.9609,0.1466,0.109,0.0376,1.5419,0.2747,0.612,6.34808593670801,5.44932567642445
"172",2019,"Hansel Robles","LAA","AL West",72.2,283,2.4771,58,11,0,20,20,6,16,1,0,75,0.221374045,0.263345195,0.332061068,0.253675029,11801,9.289,1.9817,4.6875,0.7431,0.265,0.0565,0.2085,1.0183,0.2796,0.8232,2.88373439870801,3.8907932986757
"173",2019,"Taylor Cole","LAA","AL West",51.2,231,5.9226,58,15,1,35,34,2,24,4,2,50,0.285714285,0.363636363,0.399014778,0.324611759,11964,8.7097,4.1806,2.0833,0.3484,0.2165,0.1039,0.1126,1.5871,0.366,0.6034,3.29142877970801,4.09722826046512
"174",2019,"Noe Ramirez","LAA","AL West",67.2,280,3.9901,59,11,2,30,30,9,20,1,5,79,0.232283464,0.3,0.397637795,0.296718601,12800,10.5074,2.6601,3.95,1.197,0.2821,0.0714,0.2107,1.1675,0.2994,0.7563,3.71647228170801,4.07460438603584
"175",2019,"Cam Bedrosian","LAA","AL West",61.1,258,3.2283,48,5,2,30,22,7,22,0,3,64,0.206896551,0.282945736,0.336206896,0.269880059,13360,9.3913,3.2283,2.9091,1.0272,0.2481,0.0853,0.1628,1.1413,0.2531,0.6804,3.83357502970801,4.16611101580745
"176",2019,"Felix Pena","LAA","AL West",96.1,407,4.5779,80,19,0,56,49,16,34,0,6,101,0.218579234,0.294840294,0.401639344,0.297462143,13403,9.436,3.1765,2.9706,1.4948,0.2482,0.0835,0.1646,1.1834,0.256,0.6557,4.52196840570801,4.28317400159523
"177",2019,"Ty Buttrey","LAA","AL West",72.1,309,3.9816,69,10,1,34,32,8,23,0,5,84,0.247311827,0.313915857,0.376344086,0.2982699,14719,10.4516,2.8618,3.6522,0.9954,0.2718,0.0744,0.1974,1.2719,0.3228,0.7343,3.49050729870801,3.89525579090263
"178",2019,"Andrew Heaney","LAA","AL West",95.1,409,4.9091,93,15,0,53,52,20,30,1,7,118,0.251351351,0.31784841,0.454054054,0.324831435,15423,11.1399,2.8322,3.9333,1.8881,0.2885,0.0733,0.2152,1.2902,0.312,0.7549,4.63009388670801,4.17719276143192
"179",2019,"Jaime Barria","LAA","AL West",82.2,365,6.4234,92,23,2,61,59,24,27,0,2,75,0.275449101,0.331506849,0.571856287,0.37002704,18356,8.1653,2.9395,2.7778,2.6129,0.2055,0.074,0.1315,1.4395,0.2869,0.6865,6.22610503470801,5.31540580521476
"180",2019,"Dillon Peters","LAA","AL West",72,327,5.375,85,24,2,50,43,18,26,1,5,55,0.290102389,0.35582822,0.56996587,0.38054515,18790,6.875,3.25,2.1154,2.25,0.1682,0.0795,0.0887,1.5417,0.3004,0.7269,6.22789836370801,5.51966143598159
"181",2019,"Griffin Canning","LAA","AL West",90.1,384,4.583,80,17,4,46,46,14,30,0,8,96,0.234604105,0.308093994,0.431085043,0.312135772,19867,9.5646,2.9889,3.2,1.3948,0.25,0.0781,0.1719,1.2177,0.2797,0.7317,4.36530141270801,4.75080090403957
"182",2019,"Jose Suarez","LAA","AL West",81,375,7.1111,100,17,0,67,64,23,33,1,10,72,0.303951367,0.382352941,0.565349544,0.393434131,19911,8,3.6667,2.1818,2.5556,0.192,0.088,0.104,1.642,0.3249,0.6859,6.72018231470801,5.70565689710187
"183",2019,"Clayton Kershaw","LAD","NL West",178.1,706,3.028,145,23,3,63,60,28,41,0,2,189,0.221712538,0.269340974,0.394495412,0.280447677,2036,9.5383,2.0692,4.6098,1.4131,0.2677,0.0581,0.2096,1.043,0.2623,0.8401,3.85886940870801,3.50206609875563
"184",2019,"Kenley Jansen","LAD","NL West",63,263,3.7143,51,12,1,28,26,9,16,0,4,80,0.2125,0.269961977,0.383333333,0.276521465,3096,11.4286,2.2857,5,1.2857,0.3042,0.0608,0.2433,1.0635,0.2727,0.7363,3.48385074470801,3.77378725305436
"185",2019,"Rich Hill","LAD","NL West",58.2,242,2.4545,48,7,0,20,16,10,18,2,4,72,0.223255813,0.294117647,0.395348837,0.291489649,4806,11.0454,2.7614,4,1.5341,0.2975,0.0744,0.2231,1.125,0.2754,0.8929,4.10037260770801,3.41027523955523
"186",2019,"Pedro Baez","LAD","NL West",69.2,276,3.1005,43,8,1,30,24,6,23,1,4,69,0.174089068,0.255474452,0.287449392,0.23923832,5420,8.9139,2.9713,3,0.7751,0.25,0.0833,0.1667,0.9474,0.2126,0.6494,3.51544473770801,4.8228484183596
"187",2019,"Joe Kelly","LAD","NL West",51.1,226,4.5584,49,10,0,31,26,6,22,2,3,62,0.243781094,0.327433628,0.383084577,0.305645587,9761,10.8701,3.8571,2.8182,1.0519,0.2743,0.0973,0.177,1.3831,0.3233,0.6555,3.77894490670801,3.18948233965554
"188",2019,"Yimi Garcia","LAD","NL West",62.1,247,3.6096,40,9,1,28,25,15,14,2,6,66,0.177777777,0.243902439,0.426666666,0.275471546,12095,9.5294,2.0214,4.7143,2.1658,0.2672,0.0567,0.2105,0.8663,0.1712,0.8205,5.18727256270801,4.89913321364324
"189",2019,"Ross Stripling","LAD","NL West",90.2,370,3.4743,84,23,1,40,35,11,20,0,2,93,0.244186046,0.286486486,0.412790697,0.293790507,13273,9.2316,1.9853,4.65,1.0919,0.2514,0.0541,0.1973,1.1471,0.2992,0.7285,3.46768585270801,3.57984227772241
"190",2019,"Hyun-Jin Ryu","LAD","NL West",182.2,723,2.3157,160,35,0,53,47,17,24,2,4,163,0.233576642,0.262937062,0.359124087,0.26302481,14444,8.031,1.1825,6.7917,0.8376,0.2254,0.0332,0.1923,1.0073,0.2777,0.8222,3.09904599370801,3.31575747102338
"191",2019,"Julio Urias","LAD","NL West",79.2,326,2.4854,59,9,3,28,22,7,27,1,5,85,0.201365187,0.279141104,0.324232081,0.262898536,14765,9.6025,3.0502,3.1481,0.7908,0.2607,0.0828,0.1779,1.0795,0.2574,0.7759,3.42739850770801,4.28266765479989
"192",2019,"Kenta Maeda","LAD","NL West",153.2,624,4.0412,114,21,4,70,69,22,51,1,4,169,0.202127659,0.27170418,0.370567375,0.27373823,18498,9.898,2.987,3.3137,1.2885,0.2708,0.0817,0.1891,1.0738,0.2434,0.7164,3.94936723370801,4.04288188706934
"193",2019,"Walker Buehler","LAD","NL West",182.1,737,3.2578,153,29,5,77,66,20,37,0,7,215,0.223357664,0.26802721,0.367883211,0.269912946,19374,10.6124,1.8263,5.8108,0.9872,0.2917,0.0502,0.2415,1.042,0.2904,0.7101,3.00559993170801,3.36883453860289
"194",2019,"Jose Urena","MIA","NL East",84.2,369,5.2087,99,22,0,53,49,13,26,3,2,62,0.292899408,0.345108695,0.473372781,0.342331289,11589,6.5905,2.7638,2.3846,1.3819,0.168,0.0705,0.0976,1.4764,0.3233,0.6801,4.73763092270801,4.5976380412988
"195",2019,"Wei-Yin Chen","MIA","NL East",68.1,307,6.5854,87,20,2,54,50,15,18,2,5,63,0.310714285,0.360655737,0.557142857,0.378236692,13071,8.2976,2.3707,3.5,1.9756,0.2052,0.0586,0.1466,1.5366,0.3495,0.6292,5.23352265570801,4.82513163846134
"196",2019,"Adam Conley","MIA","NL East",60.2,283,6.5275,76,17,3,45,44,10,29,6,3,53,0.307692307,0.385714285,0.522267206,0.374825823,14457,7.8626,4.3022,1.8276,1.4835,0.1873,0.1025,0.0848,1.7308,0.3511,0.6702,5.19203036670801,5.40998887627921
"197",2019,"Caleb Smith","MIA","NL East",153.1,646,4.5196,128,29,2,82,77,33,60,2,6,168,0.223385689,0.301242236,0.453752181,0.315192523,14875,9.8609,3.5217,2.8,1.937,0.2601,0.0929,0.1672,1.2261,0.2507,0.7578,5.11183597470801,5.05133014311772
"198",2019,"Elieser Hernandez","MIA","NL East",82.1,353,5.0283,76,18,2,49,46,20,26,1,9,85,0.242038216,0.317142857,0.503184713,0.340358385,16933,9.2915,2.8421,3.2692,2.1862,0.2408,0.0737,0.1671,1.2389,0.2629,0.747,5.58243148670801,5.13050084407005
"199",2019,"Pablo Lopez","MIA","NL East",111.1,469,5.0928,111,23,3,64,63,15,27,3,11,95,0.26117647,0.320430107,0.435294117,0.31821349,17085,7.6796,2.1826,3.5185,1.2126,0.2026,0.0576,0.145,1.2395,0.2991,0.6641,4.28287207070801,4.37168831789793
"200",2019,"Jordan Yamamoto","MIA","NL East",78.2,325,4.4619,54,13,0,42,39,11,36,1,5,82,0.191489361,0.292307692,0.354609929,0.280852958,17585,9.3814,4.1186,2.2778,1.2585,0.2523,0.1108,0.1415,1.1441,0.2251,0.6658,4.51061909570801,4.89274916772422
"201",2019,"Jarlin Garcia","MIA","NL East",50.2,206,3.0197,40,5,1,17,17,4,16,2,2,39,0.216216216,0.282926829,0.318918918,0.25892312,18282,6.9276,2.8421,2.4375,0.7105,0.1893,0.0777,0.1117,1.1053,0.2483,0.7824,3.76664069070801,4.7426170222744
"202",2019,"Sandy Alcantara","MIA","NL East",197.1,838,3.8767,179,43,2,94,85,23,81,5,8,151,0.240915208,0.321728691,0.39703903,0.307641373,18684,6.8868,3.6943,1.8642,1.049,0.1802,0.0967,0.0835,1.3176,0.2713,0.7379,4.55184753870801,5.17369720694286
"203",2019,"Matt Albers","MIL","NL Central",59.2,257,5.1285,53,11,0,34,34,8,29,3,3,57,0.238738738,0.33203125,0.396396396,0.310560252,4300,8.5978,4.3743,1.9655,1.2067,0.2218,0.1128,0.1089,1.3743,0.2813,0.6911,4.65534945170801,4.54592641121322
"204",2019,"Junior Guerra","MIL","NL Central",83.2,344,3.5498,58,12,1,35,33,11,36,2,4,77,0.193979933,0.287390029,0.351170568,0.275450239,5702,8.2829,3.8725,2.1389,1.1833,0.2238,0.1047,0.1192,1.1235,0.2176,0.7627,4.51679780070801,4.82854070457236
"205",2019,"Chase Anderson","MIL","NL Central",139,592,4.2086,126,29,6,67,65,23,50,2,8,124,0.239543726,0.313993174,0.448669201,0.32035654,6895,8.0288,3.2374,2.48,1.4892,0.2095,0.0845,0.125,1.2662,0.2661,0.7708,4.83271451070801,5.25758543794961
"206",2019,"Gio Gonzalez","MIL","NL Central",87.1,366,3.5038,76,14,6,36,34,9,37,0,0,78,0.233846153,0.312154696,0.396923076,0.304077121,7448,8.0382,3.813,2.1081,0.9275,0.2131,0.1011,0.112,1.2939,0.2769,0.7669,4.03843727070801,4.4525846000924
"207",2019,"Jeremy Jeffress","MIL","NL Central",52,225,5.0192,54,10,0,32,29,5,17,0,5,46,0.268656716,0.340807174,0.393034825,0.31888019,9490,7.9615,2.9423,2.7059,0.8654,0.2044,0.0756,0.1289,1.3654,0.3224,0.6377,3.96400947570801,4.3971836835146
"208",2019,"Adrian Houser","MIL","NL Central",111.1,462,3.7186,101,14,4,49,46,14,37,2,5,117,0.243961352,0.31154684,0.398550724,0.302106081,12718,9.4581,2.991,3.1622,1.1317,0.2532,0.0801,0.1732,1.2395,0.301,0.7618,3.87868033270801,3.60185073280221
"209",2019,"Alex Claudio","MIL","NL Central",62,267,4.0645,57,15,1,29,28,8,24,2,6,44,0.245689655,0.328301886,0.422413793,0.31746873,12890,6.3871,3.4839,1.8333,1.1613,0.1648,0.0899,0.0749,1.3065,0.2649,0.7652,4.92368689470801,4.59379410541827
"210",2019,"Zach Davies","MIL","NL Central",159.2,672,3.5511,155,27,5,73,63,20,51,0,2,102,0.255775577,0.313253012,0.415841584,0.309486751,13183,5.7495,2.8747,2,1.1273,0.1518,0.0759,0.0759,1.2902,0.2716,0.75,4.56056451770801,5.19961743601213
"211",2019,"Josh Hader","MIL","NL Central",75.2,289,2.6167,41,7,2,24,22,15,20,2,4,138,0.154716981,0.224913494,0.366037735,0.24652722,14212,16.4141,2.3789,6.9,1.7841,0.4775,0.0692,0.4083,0.8062,0.2321,0.9318,3.09506679770801,2.35820912676622
"212",2019,"Brandon Woodruff","MIL","NL Central",121.2,493,3.6247,109,15,1,49,49,12,30,0,5,143,0.240088105,0.293279022,0.356828193,0.280645338,16162,10.5781,2.2192,4.7667,0.8877,0.2901,0.0609,0.2292,1.1425,0.3201,0.7469,3.00853008070801,3.3613019410689
"213",2019,"Freddy Peralta","MIL","NL Central",85,382,5.2941,87,19,2,58,50,15,37,1,2,115,0.256637168,0.332453825,0.457227138,0.333087217,18679,12.1765,3.9176,3.1081,1.5882,0.301,0.0969,0.2042,1.4588,0.338,0.6476,4.17871535770801,4.15463265864288
"214",2019,"Michael Pineda","MIN","AL Central",146,600,4.0068,141,26,2,68,65,23,28,1,5,140,0.252688172,0.290969899,0.430107526,0.301171966,5372,8.6301,1.726,5,1.4178,0.2333,0.0467,0.1867,1.1575,0.2921,0.7475,4.02222865370801,4.30410677580393
"215",2019,"Jake Odorizzi","MIN","AL Central",159,658,3.5094,139,29,2,65,62,16,53,0,4,178,0.234401349,0.299694189,0.37099494,0.288747212,6397,10.0755,3,3.3585,0.9057,0.2705,0.0805,0.19,1.2075,0.3022,0.7546,3.35866356370801,4.3274401078809
"216",2019,"Trevor May","MIN","AL Central",64.1,266,2.9378,43,7,0,24,21,8,26,1,3,79,0.183760683,0.270676691,0.316239316,0.255838203,6398,11.0518,3.6373,3.0385,1.1192,0.297,0.0977,0.1992,1.0725,0.2333,0.7895,3.72696310870801,4.15112273134566
"217",2019,"Martin Perez","MIN","AL Central",165.1,737,5.1169,184,36,0,104,94,23,67,1,3,135,0.279210925,0.346049046,0.438543247,0.334007954,6902,7.3488,3.6472,2.0149,1.252,0.1832,0.0909,0.0923,1.5181,0.3163,0.6763,4.65957428270801,4.69192408782091
"218",2019,"Kyle Gibson","MIN","AL Central",160,706,4.8375,175,30,4,99,86,23,56,0,7,160,0.274725274,0.339031339,0.442700156,0.332664564,10123,9,3.15,2.8571,1.2938,0.2266,0.0793,0.1473,1.4438,0.3304,0.6754,4.26400947570801,3.80013612983748
"219",2019,"Ryne Harper","MIN","AL Central",54.1,225,3.8098,54,11,1,25,23,7,10,0,1,50,0.257142857,0.290178571,0.419047619,0.297087612,12680,8.2822,1.6564,5,1.1595,0.2222,0.0444,0.1778,1.1779,0.2994,0.7246,3.65572753770801,4.17755030457712
"220",2019,"Taylor Rogers","MIN","AL Central",69,278,2.6087,58,9,0,20,20,8,11,2,6,90,0.224806201,0.272727272,0.352713178,0.266110888,13449,11.7391,1.4348,8.1818,1.0435,0.3237,0.0396,0.2842,1,0.3067,0.8621,2.85169063570801,2.84355593746987
"221",2019,"Tyler Duffey","MIN","AL Central",57.2,238,2.4971,44,6,0,23,16,8,14,1,3,82,0.200913242,0.257383966,0.337899543,0.254390254,13758,12.7977,2.185,5.8571,1.2486,0.3445,0.0588,0.2857,1.0058,0.2748,0.7631,3.05794020270801,2.94472214377656
"222",2019,"Jose Berrios","MIN","AL Central",200.1,842,3.6839,194,35,3,94,82,26,51,0,9,195,0.250645994,0.302380952,0.404392764,0.300387745,14168,8.7604,2.2912,3.8235,1.1681,0.2316,0.0606,0.171,1.223,0.2995,0.7353,3.85294468970801,4.32045396788107
"223",2019,"Jeurys Familia","NYM","NL East",60,274,5.7,62,14,1,39,38,7,42,4,3,63,0.274336283,0.393382352,0.438053097,0.355643508,5114,9.45,6.3,1.5,1.05,0.2299,0.1533,0.0766,1.7333,0.3459,0.6996,4.88067614170801,4.98852761263649
"224",2019,"Zack Wheeler","NYM","NL East",195.1,828,3.9625,196,33,1,93,86,22,50,4,2,195,0.257894736,0.302808302,0.390789473,0.293602802,10310,8.9846,2.3038,3.9,1.0137,0.2355,0.0604,0.1751,1.2594,0.3113,0.7136,3.48022112470801,4.06297062197749
"225",2019,"Jacob deGrom","NYM","NL East",204,804,2.4265,154,28,1,59,55,19,44,1,7,255,0.206711409,0.256570713,0.323489932,0.249803026,10954,11.25,1.9412,5.7955,0.8382,0.3172,0.0547,0.2624,0.9706,0.2818,0.8184,2.67479378970801,3.11193003477711
"226",2019,"Noah Syndergaard","NYM","NL East",197.2,825,4.2799,194,37,4,101,94,24,50,2,6,202,0.255936675,0.304136253,0.410290237,0.301598563,11762,9.1973,2.2766,4.04,1.0927,0.2448,0.0606,0.1842,1.2344,0.3131,0.6885,3.59849507670801,3.83149870758967
"227",2019,"Seth Lugo","NYM","NL East",80,314,2.7,56,10,1,28,24,8,16,4,5,104,0.192439862,0.246006389,0.316151202,0.237110641,12447,11.7,1.8,6.5,0.9,0.3312,0.051,0.2803,0.9,0.2652,0.7447,2.70150947570801,3.24152491651475
"228",2019,"Steven Matz","NYM","NL East",160.1,691,4.21,163,32,4,83,75,27,52,7,7,153,0.260383386,0.32361516,0.453674121,0.324706522,13361,8.5884,2.9189,2.9423,1.5156,0.2214,0.0753,0.1462,1.341,0.3009,0.7546,4.59862514770801,4.33247277498989
"229",2019,"Robert Gsellman","NYM","NL East",63.2,277,4.6649,64,18,1,36,33,7,23,2,6,60,0.261224489,0.336956521,0.428571428,0.324315659,13696,8.4817,3.2513,2.6087,0.9895,0.2166,0.083,0.1336,1.3665,0.3149,0.6851,4.12500376270801,4.66406061017947
"230",2019,"Edwin Diaz","NYM","NL East",58,254,5.5862,58,10,0,36,36,15,22,3,4,99,0.257777777,0.33201581,0.502222222,0.343797349,14710,15.3621,3.4138,4.5,2.3276,0.3898,0.0866,0.3031,1.3793,0.3772,0.7619,4.50711292370801,3.06565653414562
"231",2019,"CC Sabathia","NYY","AL East",107.1,468,4.9472,112,23,0,64,59,27,39,0,3,107,0.265402843,0.331182795,0.511848341,0.351281355,404,8.9721,3.2702,2.7436,2.264,0.2286,0.0833,0.1453,1.4068,0.2911,0.7745,5.66432079470801,4.72928890088275
"232",2019,"Adam Ottavino","NYY","AL East",66.1,283,1.8995,47,9,1,17,14,5,40,3,2,88,0.198312236,0.315602836,0.308016877,0.275927123,1247,11.9397,5.4271,2.2,0.6784,0.311,0.1413,0.1696,1.3116,0.2838,0.878,3.44014024170801,4.31949894602082
"233",2019,"Zack Britton","NYY","AL East",61.1,245,1.9076,38,6,0,13,13,3,32,1,1,53,0.181818181,0.290983606,0.253588516,0.248789093,3240,7.7772,4.6957,1.6563,0.4402,0.2163,0.1306,0.0857,1.1413,0.2244,0.8683,3.73574888870801,3.5863698122511
"234",2019,"J.A. Happ","NYY","AL East",161.1,678,4.9091,160,27,1,88,88,34,49,1,5,140,0.257648953,0.316100443,0.468599033,0.328809658,7410,7.8099,2.7335,2.8571,1.8967,0.2065,0.0723,0.1342,1.2955,0.28,0.7572,5.22227435270801,4.77594550530204
"235",2019,"Aroldis Chapman","NYY","AL East",57,235,2.2105,38,7,0,18,14,3,25,0,1,85,0.185365853,0.273504273,0.263414634,0.242141092,10233,13.4211,3.9474,3.4,0.4737,0.3617,0.1064,0.2553,1.1053,0.2893,0.7692,2.28418491470801,2.85631494501181
"236",2019,"Tommy Kahnle","NYY","AL East",61.1,248,3.6685,45,8,1,27,25,9,20,0,2,88,0.2,0.27016129,0.364444444,0.271943619,11384,12.9131,2.9348,4.4,1.3207,0.3548,0.0806,0.2742,1.0598,0.2791,0.7353,3.32813997170801,2.68540640683965
"237",2019,"James Paxton","NYY","AL East",150.2,633,3.823,138,30,2,71,64,23,55,0,2,186,0.242105263,0.30903328,0.422807017,0.310221467,11828,11.1106,3.2854,3.3818,1.3739,0.2938,0.0869,0.207,1.281,0.3134,0.7617,3.86445180870801,4.03197760508482
"238",2019,"Luis Cessa","NYY","AL East",81,343,4.1111,75,13,1,42,37,14,31,1,3,75,0.245901639,0.317784256,0.432786885,0.316483674,13345,8.3333,3.4444,2.4194,1.5556,0.2187,0.0904,0.1283,1.3086,0.2773,0.7494,4.86833046270801,4.5123903758364
"239",2019,"Chad Green","NYY","AL East",69,295,4.1739,66,14,2,35,32,10,19,0,6,98,0.247191011,0.308474576,0.426966292,0.310854473,15552,12.7826,2.4783,5.1579,1.3043,0.3322,0.0644,0.2678,1.2319,0.3457,0.7273,3.34444425770801,3.56490845226723
"240",2019,"Masahiro Tanaka","NYY","AL East",182,759,4.4505,186,43,4,95,90,28,40,0,2,149,0.260869565,0.300395256,0.450210378,0.313987753,15764,7.3681,1.978,3.725,1.3846,0.1963,0.0527,0.1436,1.2418,0.2926,0.7044,4.26895452970801,4.29094952055059
"241",2019,"Domingo German","NYY","AL East",143,594,4.028,125,27,0,69,64,30,39,0,5,153,0.228102189,0.284991568,0.441605839,0.304700155,17149,9.6294,2.4545,3.9231,1.8881,0.2576,0.0657,0.1919,1.1469,0.2589,0.7874,4.72449898570801,4.22291116180953
"242",2019,"Nestor Cortes Jr.","NYY","AL East",66.2,298,5.67,75,9,0,44,42,16,28,1,1,69,0.280898876,0.348993288,0.494382022,0.352930317,17874,9.315,3.78,2.4643,2.16,0.2315,0.094,0.1376,1.545,0.3207,0.7353,5.56900829770801,5.04492223620061
"243",2019,"Liam Hendriks","OAK","AL West",85,332,1.8,61,16,1,18,17,5,21,5,2,124,0.200657894,0.254545454,0.309210526,0.237204103,3548,13.1294,2.2235,5.9048,0.5294,0.3735,0.0633,0.3102,0.9647,0.3111,0.8571,1.87283300570801,3.2143451154232
"244",2019,"Yusmeiro Petit","OAK","AL West",83,308,2.7108,57,10,3,25,25,11,10,0,0,71,0.193877551,0.218241042,0.360544217,0.240028293,4020,7.6988,1.0843,7.1,1.1928,0.2305,0.0325,0.1981,0.8072,0.213,0.814,3.58750345070801,4.47694250140564
"245",2019,"Joakim Soria","OAK","AL West",69,277,4.3043,51,6,1,33,33,9,20,1,3,79,0.202380952,0.267148014,0.341269841,0.260849596,6941,10.3043,2.6087,3.95,1.1739,0.2852,0.0722,0.213,1.029,0.253,0.6678,3.61980657670801,3.91336028519748
"246",2019,"Mike Fiers","OAK","AL West",184.2,754,3.8989,166,19,2,82,80,30,53,0,9,126,0.243045387,0.304,0.408491947,0.303232834,7754,6.1408,2.583,2.3774,1.4621,0.1671,0.0703,0.0968,1.1859,0.2537,0.7849,4.96852179370801,5.19410483878025
"247",2019,"Brett Anderson","OAK","AL West",176,743,3.8864,181,33,2,80,76,20,49,2,4,90,0.265395894,0.316644113,0.407624633,0.307856753,8223,4.6023,2.5057,1.8367,1.0227,0.1211,0.0659,0.0552,1.3068,0.2776,0.7476,4.57196402070801,4.79003721600906
"248",2019,"Chris Bassitt","OAK","AL West",144,612,3.8125,125,21,3,66,61,21,47,0,13,141,0.229357798,0.303278688,0.394495412,0.298737546,12304,8.8125,2.9375,3,1.3125,0.2304,0.0768,0.1536,1.1944,0.2667,0.7648,4.40150947570801,4.6053934622142
"249",2019,"Blake Treinen","OAK","AL West",58.2,266,4.9091,58,9,0,33,32,9,37,1,1,59,0.256637168,0.36226415,0.415929203,0.336212691,12572,9.0511,5.6761,1.5946,1.3807,0.2218,0.1391,0.0827,1.6193,0.3063,0.7554,5.14014474470801,5.0107071510064
"250",2019,"Frankie Montas","OAK","AL West",96,394,2.625,84,23,1,35,28,8,23,1,4,103,0.230136986,0.281725888,0.364383561,0.275602421,14309,9.6563,2.1563,4.4783,0.75,0.2614,0.0584,0.203,1.1146,0.2969,0.7615,2.99525947570801,3.46599323765064
"251",2019,"Lou Trivino","OAK","AL West",60,269,5.25,61,16,0,40,35,7,31,2,3,57,0.265217391,0.355805243,0.426086956,0.333074988,15043,8.55,4.65,1.8387,1.05,0.2119,0.1152,0.0967,1.5333,0.3158,0.6455,4.53067614170801,5.26844280858835
"252",2019,"Daniel Mengden","OAK","AL West",59.2,260,4.8268,59,16,1,32,32,7,27,0,0,42,0.254310344,0.33076923,0.422413793,0.321718469,16980,6.3352,4.0726,1.5556,1.0559,0.1615,0.1038,0.0577,1.4413,0.2826,0.7087,4.68886898670801,5.73080448717
"253",2019,"Jake Arrieta","PHI","NL East",135.2,594,4.6437,149,22,1,76,70,21,51,3,7,110,0.282732447,0.351443123,0.447817836,0.338743637,4153,7.2973,3.3833,2.1569,1.3931,0.1852,0.0859,0.0993,1.4742,0.316,0.7376,4.88722773770801,4.45848756245258
"254",2019,"Jose Alvarez","PHI","NL East",59,255,3.3559,66,10,0,25,22,8,18,4,1,51,0.284482758,0.334645669,0.431034482,0.319230409,5358,7.7797,2.7458,2.8333,1.2203,0.2,0.0706,0.1294,1.4237,0.3277,0.813,4.21400947570801,4.13706530787177
"255",2019,"Vince Velasquez","PHI","NL East",117.1,516,4.9091,120,22,4,69,64,26,43,2,9,130,0.262008733,0.335282651,0.497816593,0.346808738,11189,9.9716,3.2983,3.0233,1.9943,0.2519,0.0833,0.1686,1.3892,0.3052,0.7596,5.20832822370801,4.75199094490144
"256",2019,"Hector Neris","PHI","NL East",67.2,274,2.9261,45,7,0,24,22,10,24,1,6,89,0.185950413,0.273722627,0.338842975,0.265396532,11804,11.8374,3.1921,3.7083,1.33,0.3248,0.0876,0.2372,1.0197,0.2414,0.8361,3.83469882470801,3.530358928355
"257",2019,"Jerad Eickhoff","PHI","NL East",58.1,245,5.7086,58,11,1,37,37,18,18,0,2,51,0.261261261,0.322314049,0.563063063,0.363788561,12664,7.8686,2.7771,2.8333,2.7771,0.2082,0.0735,0.1347,1.3029,0.2564,0.7765,6.50543992770801,5.15386302063608
"258",2019,"Zach Eflin","PHI","NL East",163.1,705,4.1327,172,34,0,88,75,28,48,5,6,129,0.267912772,0.323319027,0.451713395,0.324681293,13774,7.1082,2.6449,2.6875,1.5429,0.183,0.0681,0.1149,1.3469,0.2915,0.7388,4.85482613670801,4.75754670505326
"259",2019,"Nick Pivetta","PHI","NL East",93.2,421,5.3808,103,18,5,64,56,20,39,2,4,89,0.278378378,0.350119904,0.516216216,0.35886806,15454,8.5516,3.7473,2.2821,1.9217,0.2114,0.0926,0.1188,1.516,0.3086,0.6949,5.46667771270801,4.58097685572501
"260",2019,"Aaron Nola","PHI","NL East",202.1,852,3.8699,176,34,3,91,87,27,80,3,11,229,0.233112582,0.31485849,0.393377483,0.30388377,16149,10.1862,3.5585,2.8625,1.201,0.2688,0.0939,0.1749,1.2652,0.295,0.7679,4.03443794670801,3.82353302770243
"261",2019,"Francisco Liriano","PIT","NL Central",70,301,3.4714,60,15,0,32,27,8,35,1,3,63,0.231660231,0.327759197,0.382239382,0.307280608,3201,8.1,4.5,1.8,1.0286,0.2093,0.1163,0.093,1.3571,0.2708,0.7604,4.52829518970801,4.91811787869249
"262",2019,"Chris Archer","PIT","NL Central",119.2,526,5.1894,114,18,2,73,69,25,55,2,4,143,0.248908296,0.332692307,0.460698689,0.333807201,6345,10.7549,4.1365,2.6,1.8802,0.2719,0.1046,0.1673,1.4123,0.2977,0.7246,5.01902289970801,4.36438405244658
"263",2019,"Michael Feliz","PIT","NL Central",56.1,239,3.9941,44,7,1,27,25,11,27,1,2,73,0.211538461,0.306722689,0.413461538,0.305936662,11903,11.6627,4.3136,2.7037,1.7574,0.3054,0.113,0.1925,1.2604,0.2619,0.7986,4.70513461770801,4.28535365254825
"264",2019,"Felipe Vazquez","PIT","NL Central",60,236,1.65,43,9,1,12,11,5,13,0,4,90,0.197247706,0.254237288,0.316513761,0.24735809,12076,13.5,1.95,6.9231,0.75,0.3814,0.0551,0.3263,0.9333,0.3065,0.9057,2.14734280970801,2.62222074990471
"265",2019,"Joe Musgrove","PIT","NL Central",170.1,718,4.4384,168,48,5,98,84,21,39,1,9,157,0.253776435,0.301675977,0.436555891,0.309402627,12970,8.2955,2.0607,4.0256,1.1096,0.2187,0.0543,0.1643,1.2153,0.2988,0.6324,3.81870626670801,4.30638455955614
"266",2019,"Richard Rodriguez","PIT","NL Central",65.1,285,3.7194,65,5,0,30,27,14,23,3,2,63,0.251937984,0.316901408,0.434108527,0.31488707,13549,8.6786,3.1684,2.7391,1.9286,0.2211,0.0807,0.1404,1.3469,0.2787,0.8523,5.21911253870801,4.99094855706579
"267",2019,"Clay Holmes","PIT","NL Central",50,240,5.58,45,9,1,36,31,5,36,1,9,56,0.231958762,0.376569037,0.365979381,0.331505828,13649,10.08,6.48,1.5556,0.9,0.2333,0.15,0.0833,1.62,0.2985,0.6506,4.97400947570801,4.86753300487995
"268",2019,"Steven Brault","PIT","NL Central",113.1,505,5.1618,117,29,1,69,65,15,53,2,7,100,0.265306122,0.353293413,0.437641723,0.338190357,15291,7.9412,4.2088,1.8868,1.1912,0.198,0.105,0.0931,1.5,0.3091,0.6923,4.75812757670801,5.0384465170954
"269",2019,"Dario Agrazal","PIT","NL Central",73.1,321,4.9091,82,13,2,43,40,15,18,0,10,41,0.28275862,0.344827586,0.496551724,0.353620607,15821,5.0318,2.2091,2.2778,1.8409,0.1277,0.0561,0.0717,1.3636,0.2827,0.7528,5.90037433270801,5.89958582958023
"270",2019,"Trevor Williams","PIT","NL Central",145.2,636,5.3753,162,40,5,93,87,27,44,3,7,113,0.283712784,0.338095238,0.513134851,0.351324998,16977,6.9817,2.7185,2.5682,1.6682,0.1777,0.0692,0.1085,1.4142,0.3034,0.6849,5.12247585770801,5.25285770967845
"271",2019,"Craig Stammen","SDP","NL West",82,339,3.2927,80,17,1,36,30,13,15,2,2,73,0.250783699,0.286135693,0.43260188,0.29806966,7274,8.0122,1.6463,4.8667,1.4268,0.2153,0.0442,0.1711,1.1585,0.2839,0.7741,4.11644849970801,3.85060990576337
"272",2019,"Kirby Yates","SDP","NL West",60.2,243,1.1868,41,11,0,14,8,2,13,1,7,101,0.185520361,0.252066115,0.262443438,0.227923583,9073,14.9835,1.9286,7.7692,0.2967,0.4156,0.0535,0.3621,0.8901,0.325,0.8076,1.30192261470801,2.25049319811315
"273",2019,"Robbie Erlin","SDP","NL West",55.1,251,5.3675,72,11,0,36,33,6,15,0,1,52,0.311688311,0.352,0.437229437,0.335691074,10354,8.4578,2.4398,3.4667,0.9759,0.2072,0.0598,0.1474,1.5723,0.3729,0.6533,3.61160007570801,4.14323505281031
"274",2019,"Matt Strahm","SDP","NL West",114.2,487,4.7093,121,27,1,61,60,22,22,4,7,118,0.267108167,0.310559006,0.476821192,0.326202388,13799,9.2616,1.7267,5.3636,1.7267,0.2423,0.0452,0.1971,1.2471,0.3113,0.7466,4.40877656970801,4.27388126015494
"275",2019,"Luis Perdomo","SDP","NL West",72,296,4,69,13,1,34,32,6,18,1,2,55,0.251824817,0.302721088,0.372262773,0.289308089,14682,6.875,2.25,3.0556,0.75,0.1858,0.0608,0.125,1.2083,0.293,0.6824,3.60289836370801,4.17723659955793
"276",2019,"Dinelson Lamet","SDP","NL West",73,313,4.0685,62,14,0,38,33,12,30,0,5,105,0.226277372,0.311897106,0.408759124,0.308420345,17186,12.9452,3.6986,3.5,1.4795,0.3355,0.0958,0.2396,1.2603,0.3106,0.7357,3.91263961170801,3.43786644555935
"277",2019,"Trey Wingenter","SDP","NL West",51,218,5.6471,34,8,1,32,32,5,28,0,5,72,0.186813186,0.30875576,0.324175824,0.282380902,17793,12.7059,4.9412,2.5714,0.8824,0.3303,0.1284,0.2018,1.2157,0.2685,0.5833,3.60616633770801,4.08683819507851
"278",2019,"Cal Quantrill","SDP","NL West",103,443,5.1553,106,18,3,61,59,15,28,2,3,89,0.26044226,0.310657596,0.429975429,0.311066393,19312,7.7767,2.4466,3.1786,1.3107,0.2009,0.0632,0.1377,1.301,0.2955,0.6552,4.28197064070801,4.53247406693917
"279",2019,"Eric Lauer","SDP","NL West",149.2,651,4.4499,158,35,0,82,74,20,51,4,5,138,0.268251273,0.330246913,0.429541595,0.321403595,19316,8.2984,3.0668,2.7059,1.2027,0.212,0.0783,0.1336,1.3964,0.3158,0.7097,4.22959944970801,4.76515081719549
"280",2019,"Joey Lucchesi","SDP","NL West",163.2,686,4.1792,144,32,3,78,76,23,56,0,2,158,0.232633279,0.296622613,0.40549273,0.298107519,19320,8.6884,3.0794,2.8214,1.2648,0.2303,0.0816,0.1487,1.222,0.2707,0.7303,4.17327608270801,4.36395736617221
"281",2019,"Chris Paddack","SDP","NL West",140.2,568,3.327,107,21,1,58,52,23,31,1,6,153,0.204198473,0.255319148,0.379770992,0.267545921,20099,9.7891,1.9834,4.9355,1.4716,0.2694,0.0546,0.2148,0.981,0.2366,0.7692,3.95334579270801,4.04793337856959
"282",2019,"Nick Margevicius","SDP","NL West",57,263,6.7895,73,19,1,46,43,12,19,1,3,42,0.306722689,0.365384615,0.546218487,0.378984951,20395,6.6316,3,2.2105,1.8947,0.1597,0.0722,0.0875,1.614,0.3262,0.6266,5.63506210670801,4.95722258158943
"283",2019,"Felix Hernandez","SEA","AL West",71.2,325,6.4046,85,23,1,58,51,17,25,0,6,57,0.29109589,0.358024691,0.551369863,0.377530892,4772,7.1581,3.1395,2.28,2.1349,0.1754,0.0769,0.0985,1.5349,0.3091,0.6291,6.00470585170801,5.16925056310581
"284",2019,"Wade LeBlanc","SEA","AL West",121.1,532,5.7115,145,33,2,80,77,28,31,1,1,92,0.291164658,0.333333333,0.534136546,0.35896439,5221,6.8242,2.2995,2.9677,2.0769,0.1729,0.0583,0.1147,1.4505,0.3079,0.7039,5.48873537470801,5.09546934888845
"285",2019,"Tommy Milone","SEA","AL West",111.2,453,4.7552,102,29,1,61,59,24,23,2,2,94,0.241134751,0.2803532,0.484633569,0.31272086,7608,7.5761,1.8537,4.087,1.9343,0.2075,0.0508,0.1567,1.1194,0.2516,0.7066,4.99609849570801,4.83850872686417
"286",2019,"Marco Gonzales","SEA","AL West",203,866,3.9901,210,50,3,106,90,23,56,1,6,147,0.264483627,0.314450867,0.421914357,0.31115632,15467,6.5172,2.4828,2.625,1.0197,0.1697,0.0647,0.1051,1.3103,0.295,0.6922,4.15489617470801,5.11215262213364
"287",2019,"Erik Swanson","SEA","AL West",58,245,5.7414,56,10,1,41,37,17,12,1,2,52,0.24347826,0.285714285,0.517391304,0.328067808,16587,8.069,1.8621,4.3333,2.6379,0.2122,0.049,0.1633,1.1724,0.2407,0.6277,5.95538878570801,4.68299629061386
"288",2019,"Yusei Kikuchi","SEA","AL West",161.2,721,5.4557,195,41,6,109,98,36,50,0,6,116,0.295454545,0.3481276,0.539393939,0.367693682,20633,6.4577,2.7835,2.32,2.0041,0.1609,0.0693,0.0915,1.5155,0.3099,0.7079,5.71297803170801,5.18057110735523
"289",2019,"Tony Watson","SFG","NL West",54,231,4.1667,56,6,2,26,25,9,12,1,5,41,0.264150943,0.318777292,0.438679245,0.319815778,3132,6.8333,2,3.4167,1.5,0.1775,0.0519,0.1255,1.2593,0.2866,0.7781,4.80660206770801,4.88700130532185
"290",2019,"Jeff Samardzija","SFG","NL West",181.1,740,3.5239,152,24,9,78,71,28,49,4,6,140,0.22451994,0.28125,0.410635155,0.289318723,3254,6.9485,2.432,2.8571,1.3897,0.1892,0.0662,0.123,1.1085,0.2398,0.7688,4.58717149270801,5.01513318433527
"291",2019,"Madison Bumgarner","SFG","NL West",207.2,844,3.9005,191,41,5,99,90,30,43,3,10,203,0.244871794,0.291169451,0.425641025,0.300028326,5524,8.7978,1.8636,4.7209,1.3002,0.2405,0.0509,0.1896,1.1268,0.2885,0.7178,3.90261289570801,4.3139460846435
"292",2019,"Will Smith","SFG","NL West",65.1,257,2.7551,46,4,2,20,20,10,21,2,0,96,0.19574468,0.260700389,0.357446808,0.260878424,8048,13.2245,2.8929,4.5714,1.3776,0.3735,0.0817,0.2918,1.0255,0.2769,0.8868,3.22931560570801,2.73142384503741
"293",2019,"Dereck Rodriguez","SFG","NL West",99,439,5.6364,108,21,2,74,62,21,36,0,2,71,0.271356783,0.334862385,0.492462311,0.346978056,14509,6.4545,3.2727,1.9722,1.9091,0.1617,0.082,0.0797,1.4545,0.2816,0.6175,5.68875694970801,5.14140995060555
"294",2019,"Reyes Moronta","SFG","NL West",56.2,246,2.8588,41,9,0,19,18,4,33,1,3,70,0.197115384,0.314285714,0.298076923,0.275837732,14966,11.1176,5.2412,2.1212,0.6353,0.2846,0.1341,0.1504,1.3059,0.2721,0.8123,3.56695044370801,4.82572790436365
"295",2019,"Trevor Gott","SFG","NL West",52.2,214,4.443,41,5,1,26,26,4,17,0,2,57,0.215789473,0.28169014,0.315789473,0.260572291,15046,9.7405,2.9051,3.3529,0.6835,0.2664,0.0794,0.1869,1.1013,0.2761,0.625,3.11907282770801,4.05798678925936
"296",2019,"Tyler Beede","SFG","NL West",117,523,5.0769,127,19,2,70,66,22,46,1,5,113,0.271367521,0.340996168,0.461538461,0.338869826,16981,8.6923,3.5385,2.4565,1.6923,0.2161,0.088,0.1281,1.4786,0.3116,0.7337,5.03452229570801,4.63028901275407
"297",2019,"Shaun Anderson","SFG","NL West",96,427,5.4375,111,24,1,61,58,13,38,3,2,70,0.290575916,0.356973995,0.460732984,0.345293656,19453,6.5625,3.5625,1.8421,1.2188,0.1639,0.089,0.0749,1.5521,0.3224,0.6777,4.76609280870801,4.95344023512056
"298",2019,"Adam Wainwright","STL","NL Central",171.2,745,4.1942,181,38,3,83,80,22,64,7,8,153,0.273413897,0.342354533,0.439577039,0.329514776,2233,8.0214,3.3553,2.3906,1.1534,0.2054,0.0859,0.1195,1.4272,0.3193,0.7651,4.35575682670801,4.39311564275803
"299",2019,"Andrew Miller","STL","NL Central",54.2,236,4.4451,45,2,0,32,27,11,27,1,8,70,0.225,0.33898305,0.4,0.320413761,6785,11.5244,4.4451,2.5926,1.811,0.2966,0.1144,0.1822,1.3171,0.2833,0.743,5.18961802670801,4.4295483682992
"300",2019,"Miles Mikolas","STL","NL Central",184,764,4.1576,193,33,6,90,85,27,32,1,12,144,0.271830985,0.311432325,0.449295774,0.318633972,9803,7.0435,1.5652,4.5,1.3207,0.1885,0.0419,0.1466,1.2228,0.3024,0.738,4.27379208370801,4.18241484618705
"301",2019,"John Brebbia","STL","NL Central",72.2,304,3.5917,59,12,1,31,29,6,27,2,3,87,0.216117216,0.292763157,0.333333333,0.271409666,12777,10.7752,3.344,3.2222,0.7431,0.2862,0.0888,0.1974,1.1835,0.2928,0.7196,3.13144070670801,4.6312384527168
"302",2019,"John Gant","STL","NL Central",66.1,269,3.6633,51,11,1,29,27,4,34,1,0,60,0.217021276,0.31598513,0.323404255,0.28315919,13684,8.1407,4.6131,1.7647,0.5427,0.223,0.1264,0.0967,1.2814,0.2749,0.7053,3.72657254670801,4.35209059713273
"303",2019,"Michael Wacha","STL","NL Central",126.2,562,4.7605,143,25,1,71,67,26,55,4,3,104,0.290060851,0.361510791,0.503042596,0.360273392,14078,7.3895,3.9079,1.8909,1.8474,0.1851,0.0979,0.0872,1.5632,0.3128,0.7898,5.61400884370801,4.79869032766422
"304",2019,"Tyler Webb","STL","NL Central",55,221,3.7636,33,5,2,23,23,7,23,3,2,48,0.171875,0.264840182,0.328125,0.252245779,14974,7.8545,3.7636,2.087,1.1455,0.2172,0.1041,0.1131,1.0182,0.1844,0.7261,4.48673674770801,4.89373193518682
"305",2019,"Giovanny Gallegos","STL","NL Central",74,279,2.3108,44,10,1,19,19,9,16,2,3,93,0.169884169,0.225806451,0.32046332,0.230483568,14986,11.3108,1.9459,5.8125,1.0946,0.3333,0.0573,0.276,0.8108,0.2215,0.873,3.05184731370801,3.59437791725268
"306",2019,"Jack Flaherty","STL","NL Central",196.1,772,2.7504,135,24,1,62,60,25,55,2,7,231,0.191761363,0.256176853,0.335227272,0.253917245,17479,10.5891,2.5212,4.2,1.146,0.2992,0.0712,0.228,0.9677,0.2423,0.8333,3.46358506970801,3.64208899473782
"307",2019,"Dakota Hudson","STL","NL Central",174.2,757,3.3492,160,37,0,80,65,22,86,8,9,136,0.245398773,0.338196286,0.403374233,0.316130315,19206,7.0076,4.4313,1.5814,1.1336,0.1797,0.1136,0.0661,1.4084,0.2738,0.7806,4.92584120970801,4.55256944676608
"308",2019,"Charlie Morton","TBR","AL East",194.2,790,3.0514,154,33,6,71,66,15,57,0,12,240,0.214783821,0.282636248,0.340306834,0.270412794,4676,11.0959,2.6353,4.2105,0.6935,0.3038,0.0722,0.2316,1.0839,0.2983,0.7525,2.81332461370801,3.2830795683395
"309",2019,"Oliver Drake","TBR","AL East",56,219,3.2143,36,8,0,20,20,9,19,1,1,70,0.180904522,0.255707762,0.356783919,0.260808743,8823,11.25,3.0536,3.6842,1.4464,0.3196,0.0868,0.2329,0.9821,0.225,0.8295,3.87472376070801,3.20629939138889
"310",2019,"Chaz Roe","TBR","AL East",51,229,4.0588,49,10,0,27,23,3,31,2,1,65,0.251282051,0.355263157,0.348717948,0.309863209,9866,11.4706,5.4706,2.0968,0.5294,0.2838,0.1354,0.1485,1.5686,0.3566,0.7031,3.31204869070801,4.34152850648936
"311",2019,"Blake Snell","TBR","AL East",107,441,4.2897,96,18,0,53,51,14,40,1,1,147,0.240601503,0.310657596,0.390977443,0.300793964,13543,12.3645,3.3645,3.675,1.1776,0.3333,0.0907,0.2426,1.271,0.3431,0.7155,3.31681321370801,3.30763316970562
"312",2019,"Tyler Glasnow","TBR","AL East",60.2,230,1.7802,40,5,1,13,12,4,14,0,0,76,0.186046511,0.234782608,0.274418604,0.222273715,14374,11.2747,2.0769,5.4286,0.5934,0.3304,0.0609,0.2696,0.8901,0.2647,0.8471,2.25796604570801,2.94191088540727
"313",2019,"Emilio Pagan","TBR","AL East",70,267,2.3143,45,6,3,19,18,12,13,1,1,96,0.178571428,0.220973782,0.369047619,0.244492043,14771,12.3429,1.6714,7.3846,1.5429,0.3596,0.0487,0.3109,0.8286,0.2276,0.9479,3.29972376070801,3.14560989545924
"314",2019,"Yonny Chirinos","TBR","AL East",133.1,530,3.8475,112,19,3,61,57,23,28,1,3,114,0.224899598,0.26981132,0.413654618,0.286148489,16401,7.695,1.89,4.0714,1.5525,0.2151,0.0528,0.1623,1.05,0.2459,0.7401,4.44400978270801,4.09622829882317
"315",2019,"Ryan Yarbrough","TBR","AL East",141.2,563,4.1294,121,31,3,69,65,15,20,2,9,117,0.228301886,0.266903914,0.383018867,0.273048121,16502,7.4329,1.2706,5.85,0.9529,0.2078,0.0355,0.1723,0.9953,0.2637,0.6279,3.55283292470801,4.24045580817094
"316",2019,"Jalen Beeks","TBR","AL East",104.1,464,4.3131,115,27,0,56,50,12,40,1,9,89,0.281173594,0.354211663,0.435207823,0.336816757,17192,7.6773,3.4505,2.225,1.0351,0.1918,0.0862,0.1056,1.4856,0.328,0.7337,4.41209292470801,4.78534074224916
"317",2019,"Diego Castillo","TBR","AL East",68.2,290,3.4078,59,9,2,32,26,8,26,4,5,81,0.229571984,0.311418685,0.373540856,0.291548596,17496,10.6165,3.4078,3.1154,1.0485,0.2793,0.0897,0.1897,1.2379,0.3,0.736,3.72371796570801,3.71554378362682
"318",2019,"Colin Poche","TBR","AL East",51.2,207,4.7032,33,6,1,27,27,9,19,1,5,72,0.181318681,0.276699029,0.373626373,0.278486088,19403,12.5419,3.3097,3.7895,1.5677,0.3478,0.0918,0.256,1.0065,0.2353,0.6757,4.08497665570801,4.43851191098683
"319",2019,"Lance Lynn","TEX","AL West",208.1,875,3.672,195,42,6,89,85,21,59,0,8,246,0.243445692,0.299771167,0.389513108,0.29411495,2520,10.6272,2.5488,4.1695,0.9072,0.2811,0.0674,0.2137,1.2192,0.3216,0.7438,3.12760946270801,3.85097367133127
"320",2019,"Jesse Chavez","TEX","AL West",78,337,4.8462,82,20,2,48,42,12,22,0,5,72,0.267100977,0.324404761,0.462540716,0.330921682,5448,8.3077,2.5385,3.2727,1.3846,0.2136,0.0653,0.1484,1.3333,0.3097,0.6616,4.40631716770801,4.4720309685056
"321",2019,"Mike Minor","TEX","AL West",208.1,863,3.5856,190,28,0,86,83,30,68,1,7,200,0.243902439,0.308139534,0.39537869,0.300728394,10021,8.64,2.9376,2.9412,1.296,0.2317,0.0788,0.153,1.2384,0.2867,0.8027,4.24600964070801,4.598737555641
"322",2019,"Adrian Sampson","TEX","AL West",125.1,563,5.8883,156,38,6,86,82,29,36,1,9,101,0.302325581,0.357015985,0.567829457,0.381610151,13339,7.2527,2.5851,2.8056,2.0824,0.1794,0.0639,0.1155,1.5319,0.3273,0.717,5.68741438870801,5.32994659925132
"323",2019,"Jose Leclerc","TEX","AL West",68.2,299,4.3252,52,16,2,34,33,7,39,1,6,100,0.208835341,0.327702702,0.373493975,0.305517063,14524,13.1068,5.1116,2.5641,0.9175,0.3344,0.1304,0.204,1.3252,0.3061,0.7225,3.59265006770801,4.20833123706929
"324",2019,"Ariel Jurado","TEX","AL West",122.1,541,5.812,148,35,5,94,79,21,36,1,4,81,0.303901437,0.350746268,0.525667351,0.361966291,17030,5.9591,2.6485,2.25,1.545,0.1497,0.0665,0.0832,1.5041,0.3183,0.5927,5.10229336870801,5.00081626123472
"325",2019,"Brett Martin","TEX","AL West",62.1,280,4.7647,72,14,0,38,33,7,18,2,2,62,0.280155642,0.328571428,0.416342412,0.314544518,17369,8.9519,2.5989,3.4444,1.0107,0.2214,0.0643,0.1571,1.4439,0.3403,0.6569,3.64716478670801,3.65524185984055
"326",2019,"Clay Buchholz","TOR","AL East",59,254,6.5593,72,22,0,44,43,13,16,1,1,39,0.306382978,0.351778656,0.565957446,0.377896204,3543,5.9492,2.4407,2.4375,1.9831,0.1535,0.063,0.0906,1.4915,0.3189,0.6356,5.62078913670801,5.18388784012552
"327",2019,"Sam Gaviglio","TOR","AL East",95.2,392,4.6098,85,18,0,51,49,18,22,0,4,88,0.234806629,0.283887468,0.433701657,0.300475493,12778,8.2787,2.0697,4,1.6934,0.2245,0.0561,0.1684,1.1185,0.2577,0.6993,4.63561176770801,4.31051431970524
"328",2019,"Ken Giles","TOR","AL East",53,208,1.8679,36,10,0,11,11,5,17,1,0,83,0.188481675,0.254807692,0.319371727,0.247202443,12910,14.0943,2.8868,4.8824,0.8491,0.399,0.0817,0.3173,1,0.301,0.913,2.27061324970801,2.73314654529095
"329",2019,"Derek Law","TOR","AL East",60.2,285,4.8956,61,15,2,36,33,8,40,3,3,67,0.256302521,0.367491166,0.436974789,0.3422462,13133,9.9396,5.9341,1.675,1.1868,0.2351,0.1404,0.0947,1.6648,0.3174,0.7328,4.84587671070801,4.80383552491812
"330",2019,"Tim Mayza","TOR","AL East",51.1,227,4.9091,45,13,0,29,28,8,27,2,1,55,0.229591836,0.323008849,0.418367346,0.313304629,15042,9.6429,4.7338,2.037,1.4026,0.2423,0.1189,0.1233,1.4026,0.2721,0.712,4.73349098170801,4.10254404781455
"331",2019,"Thomas Pannone","TOR","AL East",73,325,6.1644,73,16,1,51,50,13,31,1,6,69,0.255244755,0.338461538,0.454545454,0.335268818,17281,8.5068,3.8219,2.2258,1.6027,0.2123,0.0954,0.1169,1.4247,0.2913,0.6427,5.15921495470801,5.54183663068569
"332",2019,"Trent Thornton","TOR","AL East",154.1,677,4.8402,156,29,4,87,83,24,61,0,5,149,0.258706467,0.328402366,0.43946932,0.325064872,17948,8.689,3.5572,2.4426,1.3996,0.2201,0.0901,0.13,1.406,0.3014,0.7166,4.58765987970801,4.93764191458799
"333",2019,"Jacob Waguespack","TOR","AL East",78,335,4.3846,75,17,2,43,38,12,29,0,5,63,0.249169435,0.325373134,0.438538205,0.325054735,18318,7.2692,3.3462,2.1724,1.3846,0.1881,0.0866,0.1015,1.3333,0.2788,0.7158,4.90631716770801,5.20155472411559
"334",2019,"Sean Doolittle","WSN","NL East",60,260,4.05,63,10,3,27,27,11,15,2,2,66,0.260330578,0.308880308,0.462809917,0.320683579,1581,9.9,2.25,4.4,1.65,0.2538,0.0577,0.1962,1.3,0.3133,0.8204,4.24734280870801,5.07989231819908
"335",2019,"Max Scherzer","WSN","NL East",172.1,693,2.9246,144,43,0,59,56,18,33,2,7,243,0.221538461,0.265895953,0.37076923,0.269332807,3137,12.6905,1.7234,7.3636,0.94,0.3506,0.0476,0.303,1.0271,0.3214,0.7872,2.44805188170801,2.87934932414561
"336",2019,"Anibal Sanchez","WSN","NL East",166,712,3.8494,153,38,3,77,71,22,58,10,4,134,0.236476043,0.302390998,0.406491499,0.29638541,3284,7.2651,3.1446,2.3103,1.1928,0.1882,0.0815,0.1067,1.2711,0.2652,0.7492,4.44292513770801,5.10468399684472
"337",2019,"Patrick Corbin","WSN","NL East",202,835,3.2525,169,37,1,81,73,24,70,2,3,238,0.226541554,0.292623941,0.37533512,0.285140194,9323,10.604,3.1188,3.4,1.0693,0.285,0.0838,0.2012,1.1832,0.29,0.7726,3.48628670270801,3.58627374445153
"338",2019,"Stephen Strasburg","WSN","NL East",209,841,3.3158,161,25,5,79,77,24,56,4,10,251,0.209635416,0.270883054,0.348958333,0.264684054,10131,10.8086,2.4115,4.4821,1.0335,0.2985,0.0666,0.2319,1.0383,0.274,0.7653,3.25228698670801,3.16808828206724
"339",2019,"Joe Ross","WSN","NL East",64,295,5.4844,74,19,0,41,39,7,33,1,4,57,0.291338582,0.380136986,0.448818897,0.355330181,12972,8.0156,4.6406,1.7273,0.9844,0.1932,0.1119,0.0814,1.6719,0.3454,0.6917,4.58900947570801,5.09417767385021
"340",2019,"Wander Suero","WSN","NL East",71.1,296,4.5421,64,14,0,36,36,5,26,3,3,81,0.242424242,0.314189189,0.352272727,0.286341142,15855,10.2196,3.2804,3.1154,0.6308,0.2736,0.0878,0.1858,1.2617,0.326,0.6628,3.07382249470801,3.80788564623764
"341",2019,"Erick Fedde","WSN","NL East",78,334,4.5,81,16,1,39,39,11,33,2,2,41,0.276450511,0.351515151,0.450511945,0.339199849,17425,4.7308,3.8077,1.2424,1.2692,0.1228,0.0988,0.024,1.4615,0.2834,0.7654,5.34221460370801,5.26856339692305
